trader_id,address,tx_involved
6,\xe33e3a7f44099d70f4498346686ed9435ff225e2,"[3624, 4315]"
14,\x1757920f5171fbc7ec23f2670b9a73771d05069e,[3272]
24,\x5071f6651e53c7e1a2ca5912ffc1eb60b2ba03c4,[3093]
29,\x499c9c826a356f72926a258afa63bcdb4df33702,"[2995, 2621]"
41,\xd8e37018265f307e3a4f9dbceaa64e94021e1e7c,"[3651, 3683, 3652, 3654, 4008, 3945, 3663, 4473, 3996, 4061]"
43,\xa7c98308c1b819aa995516bf621e17ed8bd04740,[2914]
47,\xdc36892c8866ce2f1294790ddd957ae571e9203a,"[4761, 4837]"
55,\x8dbbca57ea56290efa14d835bbfd34faf1d89753,"[4605, 2948, 3717, 2949, 2950, 3463, 4618, 4876, 4110, 3854, 4752, 3861, 3993, 3868, 3101, 3745, 2977, 2978, 3876, 4518, 2983, 3241, 3754, 2985, 2986, 3887, 4144, 2867, 2868, 4020, 2870, 4152, 2872, 2873, 3319, 3260, 2874, 3262, 2878, 3264, 2881, 2882, 4035, 3268, 3012, 3910, 2887, 4039, 3145, 4169, 2892, 2896, 2897, 2898, 3536, 3540, 4188, 3932, 4319, 2912, 3553, 3042, 2915, 3307, 3951, 4850, 3443, 3317, 3318, 4855, 3446, 2938, 3323, 2941]"
72,\xc69ae428f6049e78d445f053d2c1df879c59b34c,"[4869, 3982, 3984, 4503, 4383, 3361, 4005, 3368, 3369, 3370, 4139, 3373, 3374, 3376, 3377, 4928, 4421, 4170, 3306, 3308, 4589, 3311, 3312, 3313, 3315, 3316, 4089]"
82,\xbc5e8bca8d5c0df17b72490aeb95d8dfe95d7b61,"[4306, 4547, 3782, 3783]"
84,\xf40b3d16ae26262db9b19e0ec80d8a490c40bdcb,"[4129, 4130, 4131, 4132, 4133, 4140, 4754, 4253]"
94,\x1f8adddd1afb62a35acbe9cb27b572183d00584e,"[3587, 3592, 2962, 2963, 2964, 2965, 2966, 3606, 2972, 3622, 3120, 3249, 2996, 3125, 3127, 3643, 3143, 3406, 3156, 3033, 3034, 3035]"
108,\xdfce59112db0388b6e5ed421edeb35576e2361ab,[4711]
109,\x27f0e083bad933ded71db01da16a2a2f19172fee,[4112]
116,\xa6e2e910515e6cf485462eeb6e454df33c60cb0e,"[3209, 3505, 3222, 2719]"
118,\x0da0df4be467140e74c76257d002f52e954be4d3,[4470]
127,\xe223cf83bfbcd7eb8a496c4a3d9808b9ba26c235,[3623]
151,\x1e32a859d69dde58d03820f8f138c99b688d132f,[4107]
192,\x167539702b5501aadd9b0b85e53532fd57cc71a9,[4212]
218,\xa546cf8437e3ac2822626f20efd2c734a33f4b8c,[4928]
231,\x6611fe71c233e4e7510b2795c242c9a57790b376,"[2567, 2695, 2580, 3092, 2453, 2598, 2603, 2607, 4025, 2493, 3391, 2507, 2897, 2532, 2924, 2541, 2543, 3312, 2547]"
253,\x5df7f1fd0f379fbe5072cef163a578fed1d89f8f,[3670]
259,\x9224bbb4e0fbe2f2f8fab55debc41eb21fdfb804,"[4761, 4806]"
265,\x408061525222a6671c337e425a64105eca6a689a,"[2754, 3437]"
282,\xf97664376416e9379f2354db444bfe3f00b6936b,[4103]
285,\xe3c98cbd63d6142e40848d432af2971975a54f6f,[4187]
312,\x287bd65a38d26f8c6008abec8e7434aab950d823,"[2814, 2815]"
331,\x66b064b5fac00eeb32cd6bce64bbf5fd98581b08,[4256]
358,\xc8bcf805fd089645b3c1a270a279aaa702d5680e,"[3473, 3505, 3476, 3477, 3478, 3479, 3481, 3482]"
365,\x95318bb3496ad4c07ef8e67c1c3429b389551410,"[4580, 4677, 4747, 4401, 4402]"
371,\x196a3dc8446920cef0f0d1f6bf7ba5b40702c79f,"[4749, 3853, 4237, 3856, 3857, 3859, 3860, 3861, 3863, 4760, 3864, 3865, 3866, 3867, 3870, 4008, 4658, 4660, 4413, 4435, 4734]"
372,\x01c2e7b1de06da53bd0ec82fdb59e5767b8c6da1,[4175]
382,\x50aa3eaefdbec5fe1fba5b419b77126475188691,[3320]
389,\x81facc69908d9c1188280fbb2793567de39f8f9b,"[2560, 4430]"
391,\x78681c47dd2af465b6ebe415b62002542ba3b387,"[3680, 3681, 3682, 4777, 4812, 4784, 4827]"
395,\x65b435425e7928c594997f38681b542234be91d3,"[3426, 3460, 3438, 3441, 3410, 3411, 3447, 3422]"
426,\xc00c2bcb33f0600ee5466f0f7424ce4a7150e7c8,"[2690, 2579, 3935, 3210]"
444,\x98c48886c19e57a0a12987f0496ddaa178a81668,"[3072, 3073, 3074, 3075, 3076, 3077, 3078, 3079, 3080, 3081, 3637, 3638, 3639, 3640, 3277, 3279, 3280, 3417, 3418, 3419, 3421, 3046, 3047, 3048, 3063, 3064, 3066, 3067, 3068, 3069, 3070, 3071]"
445,\x00a839de7922491683f547a67795204763ff8237,[2450]
455,\x91d6e260a5965a3c33d5bc4bf4adcf96c449ed2e,"[3521, 3522, 3523]"
461,\x82637d3bd84f5e255a989ed0e6763a2ef04946c0,[4360]
464,\x4332975ec5b67064c9dc9ac0f5dbf5a829f4c5b5,"[3753, 3606]"
473,\x3b625917f169cb319a166bad329fa9206d41550f,"[3281, 3283]"
479,\x63d3259d2bfd0a586416feaf5d1d105885c02acf,"[4736, 4738, 4734, 4735]"
500,\x93db3662e5e77a3ef6be5d32192f070554f212d1,"[4083, 4085, 4078, 4079]"
507,\xb89c2f6bb674bd6aace2a1e274d40e6dc4775b15,"[2752, 2558, 3018, 3020, 2636, 2998, 4215, 2782]"
511,\x9b35dbc596f545739e25e203b41823251acdee17,"[4809, 3658, 3659, 3660, 3661, 3673, 3677]"
516,\x36df210e3ae69f637ece4af772797139e25aba2e,[4467]
527,\x1c07004f41e8fe160611c258cafd8940bc606ae4,[4925]
530,\x0af8cc09df6359df62963d9ab4b739b87ed4d7fb,"[2888, 2887]"
542,\x3042887f97821ec36be64d2677efd2e943a4cb0f,[4907]
568,\x6f35b0cfc58eb1e21eef8a439bbb0ce4c929d32a,"[3432, 4675]"
574,\x9954154fb679105b06f16acad24c2fc159c4248e,"[2800, 2801, 3422, 4127]"
588,\xbe314949e2b9d14c27fa6785323f7cfc9250f92a,[4920]
596,\x08ceb8bba685ee708c9c4c65576837cbe19b9dea,"[4514, 3715, 4484, 4488, 4494, 4207, 4409]"
605,\x300fd0106bb51891b005d778807856b3bfd3fb06,[3282]
609,\x42e62e421bedf2469826879ec1a0574d7d3cca26,"[2835, 2803]"
619,\x7f49d2433444ece2e79013afda1c491ee478bd44,[4917]
626,\x2e50b23af9a31c1f56e0434bedeb35cd41b8df41,"[3573, 3574]"
637,\xedc9c1c41548c0881aed70f65ccd8cbf904058c5,[4052]
638,\x392f89779d7174eeadb1933da4b83cca548ef46d,[4747]
644,\x23170777466de6046ff42bd5abcf525077e3ce27,"[3329, 3332, 3340, 2709, 4246, 4253, 2722, 4398, 3377, 2610, 3252, 4408, 3388, 4434, 4437, 3542, 4055, 3420, 3423, 3424, 4196, 3179, 4459, 4205, 3187, 3445]"
662,\x007880443b595eb375ab6b6566ad9a52630659ff,"[2848, 2846]"
665,\x6c3e007377effd74afe237ce3b0aeef969b63c91,"[4672, 4694]"
676,\xfa327cbb1ef6372f0b666ed842d623ade4931f4d,"[4584, 4145, 4462]"
680,\xdc569ce2fc0bb5f2f8c3c6fb671259d8965e029c,"[3557, 3695, 3633, 2839, 3550]"
685,\x5cc0d1cda7d98ee552239a446b4a628b66117a8c,[3634]
687,\xd26a3f686d43f2a62ba9eae2ff77e9f516d945b9,[4635]
698,\xc4628078893270adadbb0d97ce3fb665867a910d,[3216]
700,\x641cf19cbd83666d8e21652981db09088568528b,"[4832, 4875, 4827, 4828, 4831]"
764,\x4869a74bb1c3ed6d702af35b115f5c6fbffdfb06,[4066]
778,\x7db5255041e2058bc40d0b07c8e36da0de37baff,"[3472, 3474]"
809,\xbf5c6d85510e491cd45d1264fffec0c2c4282564,"[3394, 3458, 3397, 3269, 3270, 3449, 2806, 2807, 3448, 3481, 3450, 3324, 3325, 3487]"
837,\x5a418d8bc0c074a4a8fa88d1322dc51cc1cb9d29,[4779]
850,\xcb28f90dcab551f9fc17afdd85a09495a87f078e,[4805]
859,\x8a648e38585c8ceb1e12416ecdca883d6082f064,[4784]
870,\x5eb67a3b141f3036899ee77822a41277166c540e,[4111]
904,\xc9ab5825ceacc38a014ecc349bd3fb8572de81d4,"[4453, 4143, 4912, 3736, 4123]"
924,\xe1023c112a39c58238929153f25364c11a33b729,[3825]
930,\xb78e3e8bd36b3228322d0a9d3271b5fbb7997fa3,"[3002, 3100, 2982]"
938,\x018edc98b3190dbb261e6ff3858c4ba59c71ba94,"[4546, 2438, 4903, 2439, 3728, 4539, 4607]"
939,\xe10824fd1ffb9951215025eb26cda42d2d8d9c4c,"[4937, 4739, 2838, 4583]"
956,\x3a844195fefd2dd02ba61f5a2de45a95bba0cb5a,"[3781, 3368, 3548, 3727, 3570, 3380, 3386, 3771, 3708, 3359]"
957,\x29ecaa773f052d14ec5258b352ee7304f57aabc3,[2457]
960,\x0b53c82ae0a5caa911aa0c787ec973cf65d6a6ff,"[3907, 3139, 3205, 3141, 3142, 4041, 4233, 4140, 3157, 3131, 3197, 3295]"
969,\xef764bac8a438e7e498c2e5fccf0f174c3e3f8db,"[4064, 4099]"
972,\x67a7ee3c4015c5573343c11740d8032a184fdb19,"[3513, 3591]"
985,\x48db199821bbd5be47c29bb242e3cdf1ef099d7e,"[4739, 3725, 3603, 4776, 3627, 3629, 3630, 3761, 3635, 4788, 3765, 4022, 3770, 3775, 3654, 3527, 3528, 3784, 4043, 4811, 4815, 3672, 4825, 3549, 3550, 3680, 3685, 4711, 3697, 3580]"
998,\x927635591fd15026144604f223c2313e5909c609,"[4420, 4389, 4329, 4301, 4239, 4240, 4143, 4146, 4687, 4249]"
1003,\x54107553606509adf188b012b4c890e10937d309,"[2665, 4305, 4588]"
1007,\x997aff12f28b97fd2bdd99fc186190eaaeebd4b1,[4689]
1010,\x8839d10ecbaf06f776fead6924eeba2215750241,"[4172, 3591]"
1014,\x03236093522cdcbac662ffbebd6a951349082b72,[4465]
1022,\xf1ad946ae30a285d96ea396acd3fd22c5aa75ef8,[3266]
1027,\x3db4dcbd65e3879fc3ece583d0bd216062ff33e5,[2804]
1030,\x5d4ab91037025fc9f26af349582531970fab03f5,"[2816, 3699]"
1031,\x3782c525b3af3cc31a07b68f45adb709af1f336d,"[4839, 4926, 4927]"
1042,\xb840990db27c509a615c8a0237177d50bf6debac,[4534]
1049,\xdffbaf49399c1145a5a3be392b4dba151a7df569,"[4680, 4629]"
1058,\x0a690b298f84d12414f5c8db7de1ece5a4605877,"[4512, 4867, 4558, 4559, 4561]"
1069,\xa208a0e5a1a74e6b9c3f053be2d1ea884067b925,[3475]
1071,\xa59ab1d1a1cdd67b40da69aabe4392aa3df979dd,[4906]
1079,\x35632b6976b5b6ec3f8d700fabb7e1e0499c1bfa,[2941]
1081,\x4f596fdcf320934380c00a8e40d697c1c30ec215,[3130]
1085,\x87e225ee673dedb378ee378d758b941dbd79b6af,"[2853, 2511, 2609, 2865, 2769, 2554]"
1157,\x3401ea5a8d91c5e3944962c0148b08ac4a77f153,"[3200, 2819, 3333, 3367, 2827, 3308, 2828, 3316, 3320]"
1160,\xc7391970d642faf65fabac8f63b0d41c4481d787,[4740]
1176,\x257e2b4a1110f9cf09a69be7fae201c59728575f,"[4618, 4619, 4620, 4621, 4623, 4635, 4638, 4646, 4648, 4649, 4651, 4671, 4677, 4680, 4681, 4682, 4683, 4684, 4688, 4691, 4702, 4707]"
1177,\xd9c7c349beead0a443c3a56b49912953d20741c3,[4587]
1191,\xeb8967d4d52281d88af7063629f3896053409a68,[4508]
1204,\xbcdb2b89e3e5ab5bdae85f41da91f1778807702c,"[3824, 2835, 2462]"
1208,\x2b468e7950e79865e3857d472af9f3fd997eb56d,[4546]
1214,\x8bb18f1eeb8d170f4edfe2c5d008986171b4e572,"[4634, 4379, 4380]"
1215,\xaa126ec5d4b0c1ae94dfb0d7176ce785af7d02ce,[4128]
1220,\xff40d2766497e90f9c02eeb6f809f87eb2a6bd37,"[4914, 4922]"
1231,\xca105c17941f772e050ab8984c9e45f6b72a84db,"[3476, 2693, 3671]"
1236,\xbe1ec9e23e7ea3c3a4664796b181d733c4f8653b,[4061]
1265,\xa7eba7fda7e463c5509519edf03137c57f3ebe73,"[4518, 4555, 4719, 2935, 4114, 4471]"
1278,\x0454365ced5a34ad7bff680f5cb3958aff984554,"[3698, 3844]"
1285,\x727646dcbc60a7c0b38c64c649a3866950443d10,"[4089, 4204]"
1290,\xe9bde03638bc8d83a75cddc3c9f98cde34125e31,[4795]
1315,\xcb832de0c1f2501fbd19ee48f801d3d729fd4d04,"[3809, 4451, 4070, 4523, 2957, 2958, 3887, 4052, 4054, 3896, 3130, 4507, 4062]"
1333,\xe3e6917802ebfeecb844349cbb007151efe98b6a,[3211]
1337,\x1a96afe48e215c47d80eeff6eef64685247c2503,"[3072, 3079, 3080, 3602, 3604, 3098, 3103, 3104, 3141, 3146, 3168, 3184, 3185, 3186, 3192, 3194, 3196, 3221, 3733, 3223, 3737, 3739, 3743, 3245, 3249, 3263, 3267, 3275, 3282, 3284, 3294, 3295, 3813, 3305, 3315, 3327, 3345, 3346, 3353, 3360, 3361, 3362, 3364, 2856, 3369, 2857, 2858, 2859, 2860, 2861, 2862, 2863, 2864, 3371, 2866, 3373, 3893, 2879, 3396, 2890, 2891, 2892, 2894, 2895, 3407, 2902, 3414, 2904, 2906, 2908, 2909, 2911, 2917, 2921, 2923, 3439, 3442, 2932, 2942, 3466, 3467, 2959, 3983, 3489, 3490, 2980, 2981, 3492, 4009, 3501, 4014, 4015, 4018, 4023, 3003, 3519, 4031, 4036, 3016, 3019, 3021, 3022, 3025, 3028, 3562, 3067]"
1344,\x278dcbe75441a9dd1a1a8c6f6dd24ad3072ebe10,"[3544, 4599]"
1352,\x2b47c57a4c9fc1649b43500f4c0cda6cf29be278,[4335]
1354,\x2999377cd7a7b5fc9fd61db33610c891602ce037,"[3053, 2463]"
1364,\x0530f30d85a6ceb341544ab7a740b2bdbbc69444,"[4642, 4939, 4748, 4656, 4633]"
1370,\xcde1603d59fd03d29a7c5502f090a0b2c9794e1a,[3684]
1388,\x5a99fa495c894441180113515aab3b80ce79e491,"[4625, 4626]"
1406,\x173216d1fd08e76fd4f25710d2849091ce2fb026,[4891]
1412,\x6fa565dbd0fbbbb2ad7b0c5ba31730ae09209610,"[4321, 4244, 4246, 4439, 4247, 4318]"
1442,\x3768225622d53ffcc1e00eac53a2a870ecd825c8,[3224]
1456,\x34f4ade6c3dd2350c021f7cc340f6172ba3c0761,[4084]
1468,\xc35a5fec6be6957899e15559be252db882220b37,"[4065, 3394, 4524, 4495, 4496, 4497, 3037, 4084, 3452, 3641, 3548, 3005, 3390, 3135]"
1469,\x98d562c7a4781e3e6c0d16f67469b0a3b0cb25c7,[2799]
1471,\xdf2e9f49da1a2ba981cc1d5ee08d492fa0819f91,"[3129, 4085]"
1483,\x240ad467a71210629d71d4de22ebde27951c83fc,"[4452, 4105, 4748, 4913, 4856]"
1499,\xde0193fcaf598104bf001133354d9f84c35ddb4b,[4938]
1505,\x3ef1a505c24462210d167d6cd960163340c20b7d,"[3650, 3915]"
1514,\x4a2088df692b9d4d35346edf6bced1ca25582a43,[4732]
1516,\x20ee31efb8e96d346ceb065b993494d136368e96,[3549]
1521,\x067107af3512a78eabb735d8bf011dac2e6e096a,[3300]
1533,\x0134d3632ab542236d65a2b3188aaa4a316390bb,[3571]
1543,\xfacef700458d4fc9746f7f3e0d37b462711ff09e,[4763]
1547,\x02206509a713e003bd099fd12a2edfef9af84665,"[3272, 4467]"
1549,\xdbb59151b18dd72e9ac092706e93de5b5d7a9325,"[4098, 3331, 2726, 3217, 3230]"
1553,\x79ecd68a6bcdf40f40bf0dc0c1fcc962aa8c6213,[4788]
1568,\x7604a3a179952565c1b59b59a0ad362a750a1498,"[3585, 3491, 3617]"
1578,\xcaf6fd54fb74c95b28f5e94952ca21b46e4071cc,"[3880, 3567, 3824, 4722, 3891, 4764]"
1579,\x848fa9ec76391b94a83442170085f8ca863b1624,"[3464, 3146, 4024, 3303]"
1602,\x566ac1ca3ebb8c157f2c0b3f9fd1f7ce5fbec45e,"[4512, 4682, 4595, 4606]"
1608,\x853d709885ec169187e77a545f1460a61f757e07,"[4067, 4158]"
1615,\x40dcb6db7bf5352cfe9219033ffdc67b5e3e0488,"[3193, 3177]"
1654,\x51853e1b61f89b7cfba3af847673a31b1147ac81,"[3011, 3013, 3014, 2890, 2891, 2894, 3031, 3032, 2909]"
1675,\x1e9babdb4743dbaaf287352bc9d3d8c31b0ff327,"[2632, 2701, 3248, 2706, 2738, 2645, 2742, 4857, 2940]"
1682,\x9c00c25fee258855360465f5c1759750c9a375a4,[4698]
1684,\x82b1f29c5608238df2618f996827933c0d844079,"[3714, 2819, 4504, 4102, 2694, 4104, 2696, 3208, 2698, 3084, 3085, 3086, 2699, 2700, 3209, 2578, 3212, 2580, 2581, 2582, 2583, 2584, 2585, 2586, 2587, 2588, 2589, 2590, 3738, 2592, 3352, 3746, 3355, 2845, 3491, 3213, 3214, 3342, 4147, 2484, 2616, 3217, 3853, 2749, 2750, 3008, 2964, 4745, 2497, 3908, 2499, 3655, 2760, 3017, 2512, 4053, 3286, 3289, 3733, 3819, 2438, 2798, 3055, 2929, 3057, 3059, 3060, 3061, 3835, 2430]"
1696,\x86f032cd94d4a681bf4b8328b0d958fd2ea77a4d,[3685]
1697,\x76cc07437385885a5dcaaefd3b94f8fb0bc08930,[3129]
1704,\x37ad75d01f35a9d5ed18a2642a97f1eba689a3fd,"[3533, 3231]"
1707,\x5ce9ad759e41bf1b3dfc1a41db940a90d7a43460,"[4120, 4877]"
1712,\x279d4a00cb930dc6202c2c6153a2289a105831ec,"[2851, 2852]"
1717,\x5a8681ca9efdda2739a84e84a46fdf3ded1148ca,[3620]
1724,\x090d16963720349548cd8a90fa36b3856fba43d2,[3511]
1741,\x4954b78cda38d76eda55acf3e43ff88e21ec64f0,[3462]
1749,\x8ad89b71186ce9e148c85638e59756edee7a6d1e,[4685]
1750,\x8f6d35d0d38aca3df97d049d4b18e2d2d09b5ef6,[4719]
1765,\x51f1d95cc6651537b7c497f4d146e4e9aa92565b,"[4074, 4779, 4727, 4344, 3711]"
1770,\x6eac7d87a9f2ad5c8c03c79e71b9038468043780,"[2753, 2797]"
1771,\x90e096816d321c437e205a96a63ba18e8707cfb7,"[2800, 2801]"
1772,\x166149bca5fd1192208483ac2f8abd280fbb2561,[3565]
1777,\x411691da47a5802f2b4891d9e12095804173ae10,[3672]
1781,\x35d8d980145cd652bc5c18ea78c2baf3402f91e6,[4708]
1804,\x442dccee68425828c106a3662014b4f131e3bd9b,"[4361, 3722, 3723, 3724, 3484, 3747, 3748, 3749, 2425, 4010, 3115, 4400, 4404, 3895, 4537, 3260, 4669, 3902, 3264, 3265, 3905, 3906, 4418, 3397, 4419, 4424, 4428, 2643, 2524, 4063, 4447, 2530, 4195, 2918, 4455, 4586, 4336, 4215, 3832, 4345, 4475, 4605, 4606]"
1805,\xb94f5612b612510313a210edfd71d08ed0ada476,[4430]
1809,\x1fd9277f03bd18f740bffbf9f160f10bd8fa9f11,[2663]
1810,\xf2fb34c4323f9bf4a5c04fe277f96588dde5316f,"[4592, 4594, 4596]"
1822,\x0c8e854729144ab6405939819f461764647f52ed,"[3920, 3854, 3919]"
1824,\x32b1dc6a72eb673c539cea9d0c029d92a6344d7a,[3365]
1837,\xd16e1172a4d33e46e94b2e2ff96b7c87489b7f67,"[3297, 3271, 3281, 3283, 3285, 3289, 3291, 3292]"
1839,\xe13d4abee4b304b67c52a56871141cad1b833aa7,[2575]
1840,\x71f06f6bd462aefc108bda3c9613d7e2784d291a,[4667]
1849,\x63a9dbce75413036b2b778e670aabd4493aaf9f3,"[3088, 3117, 3132, 3133, 3134, 3136, 3137, 3157, 4189, 3704, 4240, 3234, 3237, 2734, 2735, 2736, 2737, 3768, 3769, 3770, 3771, 3781, 3788, 3286, 3801, 3291, 3292, 3296, 3297, 3299, 3324, 3841, 3356, 3873, 3376, 3907, 3911, 4426, 3405, 3407, 3408, 3409, 3418, 3421, 3934, 3939, 3941, 2919, 3950, 3954, 3956, 3448, 3449, 3962, 3453, 3965, 3970, 3972, 3986, 3992, 3997, 3486, 4002, 4016, 3019, 3020, 3021, 3022, 3023, 3024, 3025, 3027, 3028, 3029, 3030, 4066, 4078]"
1852,\x470e9bd486ebf96ddf6b38de58f21b0872f85776,"[3225, 2949, 3113, 2540, 2638, 2639, 3219, 2740, 2549, 2710, 2870, 3159, 2457, 2714, 3319]"
1858,\xbb69b1dbecfbaff7e4f8c9636b322b7a85c58479,[3556]
1868,\xee402489d83e2b22d496910f8c810d35a3ad7b25,"[3328, 3329, 3330, 2432, 3469, 3470, 3471, 2707, 3347, 3348, 2846, 2467, 2425, 4906, 4782, 3502, 3503, 3504, 3507, 4789, 3510, 2488, 4793, 3385, 2489, 2490, 4797, 2491, 3392, 4930, 3395, 2628, 2629, 2630, 3270, 3321, 2762, 3149, 3150, 3151, 4814, 3290, 2781, 2654, 2783, 2657, 2916, 2536, 2793, 2538, 4852, 2681, 3450, 2811, 2428, 2429, 2430, 2687]"
1907,\x1224917a739dff52c50b232042cc1b196d2daced,"[3744, 3998]"
1911,\xc4eab1eaacbf628f0f9aee4b7375bde18dd173c4,"[2641, 2842, 2843, 2718]"
1914,\xb60df4b313573dc57e5179c39a9863d76ad0425c,[4686]
1916,\x530cf036ed4fa58f7301a9c788c9806624cefd19,[4439]
1925,\x5e7ab98d1d51960c47214984dd15c98df8a3e4dd,"[4113, 4521, 4798]"
1931,\x8ad68e2c67b88ded4b1565d8b9288b665261338d,"[3859, 2452]"
1935,\x7252b4ed5bb3fe6cdeb501bb65a7a24eb056a09a,[4379]
1936,\x9c288e7f4dbd99e5753c4fb4c24cad3d73828ecb,"[2626, 3102, 2799]"
1939,\x0553de51e7fa7658f0517e573d79eebbb59852f2,"[3584, 4483, 2950, 2952, 3082, 3338, 2700, 3723, 3478, 3483, 4508, 3357, 3358, 4511, 2976, 3359, 3620, 3621, 3372, 3628, 3251, 2612, 3380, 4403, 4404, 4535, 4541, 2623, 3392, 4417, 4419, 4423, 2633, 3402, 3403, 2636, 3541, 2646, 3293, 3296, 3299, 4710, 2538, 4459, 3563, 3053, 3564, 4724, 4730, 4478]"
1943,\xe1ef5d9f72dac51dfe8c9806ded3496e82829dd3,[3746]
1956,\x71710e1a6b5e5440f2822577698955aff74fd831,[4464]
1959,\x8f35462bf5f42f874570909851dd6a2c21300044,[4762]
1964,\x303052148a78a692d7aa89bad454f3e91785488d,"[3229, 3742, 3231, 3360, 2594, 3365, 3367, 2729, 3370, 3882, 3501, 3886, 3890, 2739, 3763, 4027, 3903, 3904, 4034, 3142, 3145, 3401, 3284, 3419, 2666, 3314, 2678, 4222]"
1967,\x59ff2f4c87142d0686a02b7ddeb3316c3e9cdd26,"[2829, 2742]"
1971,\x7c7d093b4fb96c89fcc29cd4c24c15db0ed669df,[3911]
1975,\xc8a974a97f6a7f57b6ce09aed5905d5547039f11,"[3489, 3398, 3823, 3094, 3288]"
1977,\xb044aff5d2f044da7d40785d88d2f2cb4ec5f324,[2971]
1982,\x4a8b9e2c2940fdd39aceb384654dc59acb58c337,"[4138, 4139]"
1988,\x6f0e052d42fa22a865f4547ab953e3c8f22c98c4,"[4035, 4036, 4038, 3826, 3635, 3636, 4444]"
2004,\xc46db2d89327d4c41eb81c43ed5e3dff111f9a8f,"[4544, 4867, 4616, 4622, 4755, 4373, 4863]"
2005,\x0b30fd3a500608413837bb025c2018933130f9db,[4756]
2011,\xbad858a0cf09f210fcf35cbf83569178879b47f2,"[2745, 3109, 2973]"
2018,\x3f537764f0b09436d1794fecb8713d5fcb8f182f,"[2851, 2852, 2979, 3014, 3244, 3245, 3382, 3351, 2844]"
2027,\xa9d5f8eeccdbc730338fe506aea01743f7d6f226,[3668]
2032,\xf9dde1fed9a7ff50fdcfa72b8d9e0d4c7609d532,[3456]
2041,\x19f23312627e560ea0199345782528686f1f3968,[2477]
2042,\x45f9703424da8659e860f3dc32c1cbfd19c43062,"[2757, 2758]"
2048,\xdbc416d8a787cbcee7fe1bd76b68b6adc61d7ae8,"[4865, 3729, 4073]"
2061,\xe3d78ce35d90bc404a71121c4585b138bb3d419e,[3600]
2078,\xda81a57188006feac8711b046b28a79ea202e999,"[2748, 3813, 3815, 3894, 4150, 4860]"
2086,\xe754d1074d38915a5c7028f82a35e30e935cb220,"[4361, 4367, 4369, 4370, 4371, 4372, 4374, 4375, 4377, 4378, 4381]"
2107,\xa9cc9573b05472e161cf5f4a58e30b321f48562f,[3560]
2119,\x3746e334d79cc605b06455638e303bde01229ef3,[3212]
2133,\x61e7e7665296749678a441de39bbd099cce72fea,"[2625, 2533, 2728, 2536, 2634, 3339, 3531, 2637, 2539, 3345, 3475, 3261, 2622, 3455]"
2141,\xa550215d922af5af685461887190cbe1cb7c8071,"[4912, 4220, 4214]"
2153,\xfb571ed0910b03fdf643347e5846f2a5df63b743,[4557]
2155,\xc8c115dcb2910ee8f3dbac4056b5448c4f624bde,[3215]
2160,\x0a4eafeb533d4111a1fe3a8b323c468976ac2323,"[4077, 4017, 3899, 4316, 4927]"
2166,\xbd9b7373aac15d9a93c810df3999343f4fe1ed88,[4749]
2174,\x9e67d018488ad636b538e4158e9e7577f2ecac12,"[4570, 4637, 4638, 4567]"
2190,\x7d438bf6567673867480b7923669bf349e6c8c12,"[4120, 4164, 4173, 2653, 2656, 2657, 2658, 2659, 2660, 2661, 2662, 2663, 2664, 2665, 2666, 4195, 2668, 2669, 2670, 2671, 2673, 2674, 2676, 2677, 4243, 4245, 4255, 4274, 3274, 3276, 4302, 4329, 3831, 3845, 3848, 2836, 2847, 2848, 2876, 2426, 2954, 2955, 2956, 2458, 2459, 2460, 2461, 2462, 2974, 2464, 2465, 2466, 2467, 2468, 2469, 2470, 2471, 2472, 2473, 2474, 2987, 2475, 2476, 2477, 2478, 2479, 2480, 2481, 2482, 2483, 2484, 2485, 2496, 3008, 3009, 3010, 4056, 4058, 4069, 2534, 2535, 3056, 3062, 3582]"
2192,\xb02690b16fd8696ef13a63e3272404b3ea12d00e,"[4168, 4208, 4209, 4821, 4311, 4696, 3580, 4286]"
2204,\x7e23a0a9fd1105ca4b1dc9b7e0f0aab3b7071caa,"[4136, 3689, 4045, 3726, 4471, 4443, 3708, 3710]"
2210,\x85c0c90946e3e959f537d01cebd93f97c9b5e372,"[4108, 4830]"
2217,\x70e19485dc71a021cc855acd4a346d09ee2201ee,[3188]
2219,\x090869e2f2764f300607861171de5a074b0bc9d6,"[2853, 2854, 2855, 2863, 2864, 4888]"
2230,\xfbe1c0bc53d03802fd8569ae32dcc2f115229517,"[3153, 2963]"
2231,\xb394f1aa30ba874df3ae6097bf4c2474b2d8f3ac,"[3226, 3427, 3220, 3557]"
2247,\x19ac60f70adeb4948e8bf779639117e59bb2a9f6,"[4844, 4917, 4846, 4839]"
2260,\x7d77538bc420d0b7efcea6a37f9c4cab671318ad,[2805]
2277,\x988860fffd6a586268cdf4e78084de8087d31c17,[4376]
2288,\xcfe0137ab4318af4f1eb38287c6b37c186869784,"[3608, 3577, 3622, 3607]"
2293,\x4322d6b24bda8af69dd1014c4f29138f6d794ada,"[3975, 4798, 4764, 4765, 4766]"
2304,\xc8b3ef8b1cabc47caa47da9a60efc7df9920ba72,[2814]
2309,\x73e788a14e414b2e1d921d966d2b517aa6790518,[2620]
2318,\x7f3560773c01cea9320fa3ee6227ef706add4669,"[2755, 4357, 4365, 4819, 4535]"
2326,\x7224a1a8750d77c182d7ade10b8edcbd3aae0e2d,[4932]
2328,\x8ed4d3c67ee1a73f5df8ca3e10698f1cd4c5b14c,"[2542, 2422, 2423, 2424, 2427]"
2335,\x4b9af5f701bbcdbfd3db04ddfbb6ede767ea9d4c,"[3459, 3494, 3238, 3353, 3497, 3597, 3760, 3537, 3572, 3577, 3388, 3389, 3644]"
2351,\xd97f9988865bc4210038fbe457af2a35818a208c,[4807]
2363,\x0544fbed9b72aa036517b21d1db50201a17d09ce,"[4556, 2877]"
2374,\x9fd86d2a6c0a8ac88d2c8a165ebe72bd655940fd,"[4812, 4813]"
2389,\x0601d0235645a6ce6356ef11aa0b225c68605131,"[2437, 2451, 4499, 4505, 2976, 2597, 3366, 2988, 4014, 3375, 4015, 4018, 4023, 2883, 4681, 4685, 4049, 2649, 4697, 4698, 4701, 3428, 4709, 3051, 2541, 3058, 2421, 3835, 3839]"
2400,\x374bd185ee19fd9f8682eb875e5d0546a8d58cdd,[4106]
2408,\x99b88481d3b439a4ab8ce43c939b394d03d5394c,"[3026, 4167]"
2419,\x084ee804341b7772aa7151e1b7b3f94cbf8c25f9,[4547]
2421,\xe113e7b1e8ecd07973ea40978aed520241d17f27,"[4450, 4452, 4261, 4460, 4461, 4686, 4436]"
2434,\xa5c80be2c4d2dca26c3cba2cd9d4a3c4cf3212ea,[4936]
2435,\x727ca37bfa784c8ecd36fabe2c739fce4f1e6c39,[3259]
2443,\xe83c750b2708320bb134796c555b80df39a3d97b,"[3702, 3703]"
2444,\x135bd1f2d83f453c0d70869a2917e0cffe367d42,"[4582, 4583, 4712, 4714, 4591]"
2455,\xc61167631f69fd8574fd82fbcf2906fef5e6f50b,[4665]
2458,\x7eabfe610657218bb4fd5620ed699b14de305412,"[3716, 3655]"
2465,\x754fe64a09961000f8f4e554f635e44b3c04b414,[4630]
2468,\x428700e86c104f4ee8139a69ecdca09e843f6297,[4241]
2469,\x9f6ae0370d74f0e591c64cec4a8ae0d627817014,"[4584, 3609, 4545]"
2486,\x3f86f18322a888d9b3adef38f127c941bccc014d,"[2749, 4879]"
2494,\xe8723d26ad5f7ff4ea8902d235f0a8f8b8802f6d,"[2688, 3083, 2703, 4753, 2836, 3868, 2977, 2596, 4647, 4007, 4787, 2613, 2741, 4921, 2618, 2619, 2875, 4411, 4414, 4538, 4539, 2755, 4676, 4931, 4932, 2501, 2761, 2637, 2779, 3804, 3688, 4201, 3051, 3693, 2673, 3698, 4082, 3701, 4472]"
2495,\xa3cb30128532f43fe1c8a9f4c19422aa631307a9,"[4864, 4610, 4868, 4614, 4615, 4616, 4617, 4750, 4623, 4627, 4631, 4647, 4648, 4649, 4650, 4909, 4671, 4672, 4674, 4934, 4690, 4564, 4695, 4582, 4590, 4853, 4600, 4601, 4603, 4604]"
2502,\x1774918d659938bba8bdadd422ef3c8ee56302ea,"[4362, 4363, 4364, 4365, 4366]"
2512,\x280bf69d522bbcfb3aeb138c59d85a16e449057c,[4840]
2520,\x10725af1f2919d0acc5cf294285d97710f980490,"[4897, 4918]"
2535,\x865c964edc75e0f1f5c0631ea068baac2e490e57,[4829]
2548,\x3e099af007cab8233d44782d8e6fe80fecdc321e,"[4918, 4919]"
2563,\x881ef249c1908062810062aaa743b8e8f879061a,"[4544, 4845, 4913, 4826, 4890]"
2593,\x1672044c7e7e0e1dcada77ae6a08b5429ca0b69c,"[4792, 4794]"
2615,\x9a568bfeb8cb19e4bafcb57ee69498d57d9591ca,"[4532, 4446]"
2617,\xab4f4524797f0215f653f90c538ce5de20888245,[4920]
2619,\xb38071b23f0fa92cf9e1bd6feec5a5f9821f3ccc,[3158]
2624,\xb41f56f4f3b09ab3786a89e296b160d68542be28,[4356]
2639,\xb440d55d052e42e69784b5a6ba250dd15b6afacb,[3304]
2641,\xc9f5654e2f1bd05255e2fa048de7d10acdb8c382,"[2840, 2841]"
2652,\x8ba3e27d57f65cd793f10336c20c6e6f542c6a16,"[2440, 2961, 3043, 2989]"
2654,\xbf6ccf49cc2874f01916d747a8fe97f14a082be0,"[4898, 4923, 4929, 4816, 4817, 4819, 4820, 4821, 4823, 4835, 4836, 4837, 4838, 4843, 4848, 4850, 4857, 4858, 4859, 4860]"
2664,\x2d9d722a36cb5fa377366ed725d58199e11aa5da,[4655]
2667,\x1efed205caede27da1135cd37a4192861a51100e,"[3554, 4165, 3526, 3539, 3412, 3413, 3414, 3415, 3925, 4086, 3834]"
2668,\xa54f81733201c1f555bf5e51e4829a1c7dd3447b,"[2531, 2725, 3238, 2726, 2729, 3625, 4330, 4656, 3123]"
2678,\x5fd716a418613dee7b440fc84afd63a8823629c4,[3490]
2686,\xdbe580c87ecd5c2ee51f0662e2b138ebd69b079c,"[4892, 4893, 4743]"
2687,\x1fc558db1ad0684ac909267d0b8167e78ea7ff2f,"[3575, 3647]"
2705,\x28c89718f4dab5cf853e37e96735a3cad85c41d5,[3344]
2726,\x6e5e911bb7d52c5999be1cf8e1d85a5a27f57d39,"[3424, 3559, 3259, 3858, 3253, 3258, 3579, 3423]"
2732,\x1d45f16967a6b5c485524e67868105e6145846e3,"[4162, 4741, 3657, 4042, 3630, 3983, 3662, 4174, 4816, 3666, 3669, 3798]"
2735,\xced2662fe30d876bef52f219eeac67e2b328effc,[3579]
2736,\x9cd85c5ed756fa78d79903d3616f991e4a74062b,"[2624, 2596, 2537, 2604, 2543, 2486, 2487, 2776, 2523]"
2756,\x05e06f2ec24c04737a08ee8c420a28cb0a3962fc,[4109]
2757,\x35fa7d184da98242ce84fee54ebdad3311071947,[2805]
2761,\x000c1cac6fef87de3fb1e3b15bb1b5311020e1c3,[2494]
2768,\x2f120efa7efdff9ab27dd4761a3c95356fd70d96,[2802]
2782,\xc7a024df387621e7065a549fd643367b85c8d2aa,"[2610, 2611]"
2783,\xc352b534e8b987e036a93539fd6897f53488e56a,"[3840, 2451, 2597, 2988, 4653, 2740, 3003, 3004, 4032, 4037, 4040, 2767, 2768, 3667, 4456, 4463, 3444, 4476, 4479]"
2792,\x35937462a74d3c64b173a755a40c916e912a8eb5,[3725]
2798,\x5b93ff82faaf241c15997ea3975419dddd8362c5,[3599]
2800,\x5492e0112e49e5fed0a7b1278c76df655e509a99,"[4480, 3590, 3721, 3594, 3595, 3596, 3341, 3598, 3729, 3605, 3735, 3611, 3740, 3741, 3747, 3748, 3623, 4403, 3508, 3509, 3764, 3512, 2747, 3772, 3520, 3776, 4050, 2788, 3943, 4071, 3561, 4074, 3696, 3578, 3711]"
2802,\x554e3b78364ba3bad078c42a161c4f184597f066,[4068]
2805,\xdb25e38a12d03d4a5275c1de61a4631d4b5fcbbb,"[2434, 4360, 3722, 2712, 2456, 4381, 2847, 2856, 2857, 2861, 2606, 2862, 2608, 4653, 3517, 2495, 2498, 4554, 4564, 2646, 4067, 4068, 4836, 3949]"
2842,\x89447f2ca722481d1399ae08b4d7e9471883f6c8,"[3015, 3016, 3656, 3242, 3728, 3026, 2837, 2939, 2812]"
2843,\xb40dac2f71aba8ec669f74796b447c9602f0f095,"[4384, 4387, 4355, 4392, 4394, 4395, 4396, 4368, 4337, 4369, 4370, 4314, 4380]"
2855,\xabc72db416d924b4d645738a6394cacdc58dea94,"[4752, 4750]"
2863,\x56be13360f1077e449f5c5cfa38c277dda411f6a,"[4751, 4759]"
2869,\xab96b9c1737488af6cc16cfaffc07cfdbe686c1a,"[3506, 3588]"
2873,\x6029f57b2d6cd1d73c1a26d1cf0aed7f3f404f60,[4359]
2913,\x56a673d2a738478f4a27f2d396527d779a1ed6d3,[2652]
2926,\xa88173757486529adb2162a060b6355a90f242e2,"[3592, 3690, 3691, 3692, 3679, 3855, 3727, 3696, 3603, 3734, 4438, 3871]"
2928,\x313206afcc9d645f5fdc35b6d60f1acd019de21a,"[3527, 3144, 3528, 4013, 2926, 3903]"
2950,\xa612145d6a336843fcad5413a0d18ea2195b0b1e,[4558]
2952,\x66b333423409d3ae4008d6fcc84aadaa8d31a0c1,[4646]
2964,\x81b9a5f21efdb5df0210471b9a94e0d4ad9951ed,"[3888, 4506]"
2986,\x7d705d99f08677ad095fac43ea20300b5e40fcd5,"[2691, 2724, 3057, 2522, 2772, 2519, 2520, 2810, 2492, 2493, 2494]"
2987,\x35cdf4e48f994b1fba10f882e0051b3545ff17d6,"[3985, 3363, 4707]"
3009,\x51962688e880727d109fd41daaed85495c86a210,"[4081, 3612]"
3010,\x180669310d089fafcbee40479ee719752d680d4e,[4701]
3011,\x6ec62454447b9adacbebbae86687707a786c8530,[3584]
3019,\x14e0c25b35a0fe5c62bb8eb0c8064e6fae290f8e,"[3777, 4011, 3883, 4109, 3789, 3760, 3761, 3762, 4501, 4062, 3767, 3930, 3774, 3775]"
3029,\xaf5e63c7f54ff53e5475f2ff9a60ff3628b1bd61,"[2914, 2918, 2919, 2920, 3148, 3629, 3056, 3152, 2930, 2931, 2900, 3154, 3669, 2935, 2936, 3645]"
3043,\xdfe5f11da8f640d5ac1556bd80e894d758d709cc,[4533]
3052,\xfb077c541507ed890abb7e670180b97ccbac0e9c,"[2434, 2627, 2951, 2441, 2473, 3094, 2651]"
3053,\x3dde27c2379440a62ac40048e56eb62c57f80977,[2655]
3063,\x7537b3ff1f1453c0db41f41c652ebb93e9862d26,[4728]
3099,\x13816f65ba8195768e6825eb774fd3c6a05a0ac8,"[4353, 4354, 4545, 4409, 4425, 4537, 4555, 4557, 4211, 4889, 4534, 4344, 4345, 4603, 4604, 4413]"
3105,\x4fa27cc10a22e0f82c8eaf820d9eaa385a50f114,[4693]
3110,\xf3860788d1597cecf938424baabe976fac87dc26,[4842]
3113,\x870a9d294e3ac5bb9778ca9755d3d04f3e8432a8,[2562]
3117,\x5eed1f9c61521aee51eb46fd809f865c2ce93044,"[4728, 4661]"
3120,\x584c7a88179c493d12083094b6e335c267d4c41b,"[4359, 4298, 4410, 4091, 4092]"
3148,\xeb9191c71a1e7970b9b0c74460ed2cc6f05450e0,"[3138, 3044, 3653, 3052, 3055, 3257]"
3155,\xbfd5699bf0c57e6201146fd33f057364f9e1a17c,[3493]
3163,\x7b226c4c0b76da3e5f0e94024a3bf8d5b6336db6,[3371]
3170,\x01a45f7fbf7453092e49b6db137568f9cfab8ead,"[4776, 4119, 3631]"
3186,\xde08e910eecf4407252845e908f3ff02fd774014,[4432]
3188,\xebf02c6e12c3ee119abba161c40bfeead0a06b15,[4791]
3191,\x665498c14f80647d2a57a1f54eee4aaa9920fae8,"[2817, 3202, 4609, 2820, 3462, 2830, 2832, 4754, 4255, 4004, 3897, 3390, 3405, 3406, 2641, 3922, 3927, 4832, 3178, 3818, 2934, 3192, 3451, 3452, 3453, 3454]"
3197,\x052564eb0fd8b340803df55def89c25c432f43f4,"[3458, 3459, 3485, 3881, 4019, 3783, 4045, 4692, 4445, 4449, 4196, 4198, 4199, 4454, 4205, 4469, 4472, 3836, 3838]"
3198,\xcc81b4631c4b321421267c1d4b43e7b2d7c52a23,"[3467, 2959, 3730, 3222, 3224, 3225, 3994, 3228, 3487, 4000, 3493, 3750, 4777, 4778, 4141, 3247, 3379, 3381, 3513, 4154, 4667, 3773, 4428, 4431, 3153, 3155, 3163, 4060, 3678, 3937, 3682, 3430, 3431, 4070, 3305, 3434, 3435, 3690, 3309, 3310, 3439, 4071, 4072, 3314, 3442]"
3200,\x21cf5649ee1a9362202ebff266ef7bbc8c26a917,"[4527, 4528, 4529, 4530, 4435, 4531, 4532, 4511]"
3202,\xee3766e4f996dc0e0f8c929954eaafef3441de87,"[4642, 4804, 2508, 2509, 2702, 3119, 4598]"
3204,\x6e5b3f763b2dd5582493c7123cfdc323259a7a00,"[3425, 3980, 2830]"
3207,\x13f46ed75b388d748ab35134ca62abe36beb157f,[4856]
3222,\x9c17294f9956e6c922d56ad4f212c14442b87abd,"[3200, 3201, 4673, 3942, 3399, 3400, 3401, 3403, 3404, 3919, 3381, 4885, 3199]"
3223,\x735506da15b78701268f66dbf6c3e8d4058097bf,"[4768, 4921, 4767, 4935]"
3230,\xc2f87f88df0f2c602a9a7dc2e89cecdb9790d972,"[4801, 4841, 4746, 2509, 4786, 4886, 4855]"
3232,\x171f44a479cf3d9ebc7d267a80b7d7be7a45aa28,[2813]
3234,\x53dda0a69992b87e51f0f14b1337281f09a2c8da,[4841]
3238,\x0642f69c4c4a12310a081c8267e96523953c688d,[3078]
3261,\xfb3ca875955675d091e6f82038a288e97284400f,"[4441, 3634, 4429]"
3265,\x6b3db04168559d68e415ce311fc7da3ffb65b53f,"[3243, 3277, 3247]"
3279,\xf2d515f3fc586b6c0dc083599b224372f9b3e53c,[4774]
3281,\x2c123fc5c27888571cd525e8ae9b0c5ff848386d,[4101]
3282,\xe614065a4ac6d478f141db4595325b537ffa2ea5,"[4864, 4865, 4868, 4869, 4742, 4871, 4744, 4872, 4873, 4880, 4881, 4767, 4768, 4769, 4770, 4771, 4772, 4773, 4774, 4907, 4908, 4786, 4919, 4799, 4800, 4801, 4802, 4803, 4804, 4808, 4938, 4814, 4849, 4854, 4861, 4863]"
3290,\x6b67623ff56c10d9dcfc2152425f90285fc74ddd,[4115]
3303,\xdc546f477f273bcf327297bf4adcb671b5f20be1,"[3420, 2975]"
3307,\xf249bfd75e8af55008a76f4e2c80df2de503fdda,"[4909, 4910]"
3312,\x2ae82657ec1ec17b25f564cc500dac2a55c5c623,"[4610, 2947, 4612, 2763, 2764, 2744, 4408, 4317]"
3314,\xa7b33cd26f27f1c6b709db5cae442e42387ba69a,[4003]
3320,\x9fbc14032362d43f3cdfc89524a13e317d4a4788,[3718]
3325,\x5e4e93d9b4e63d6bf52dcb7f4b7315aa1cfb2a23,[2733]
3327,\x83f8acff94ec02a3337c600c0ce94bc67de0acc8,"[4641, 4302]"
3345,\x1c7452bd0058fb0cd22a6dceaf177750357ba42b,[4670]
3350,\x42306deafdd12f040ab2ef63734b7cafde81103b,"[2808, 2809, 2810, 2811]"
3354,\x8e662143178bb8c797620a3a61f34a71832475b0,"[2432, 2435, 2821, 2822, 3207, 2823, 2824, 2825, 2826, 2955, 2445, 2577, 4498, 3350, 2966, 3096, 4126, 3745, 3107, 4264, 4527, 3252, 4029, 3135, 4420, 2757, 2763, 4684, 2764, 2766, 3916, 4556, 2770, 3410, 2775, 3160, 2777, 2521, 2524, 2782, 3038, 3040, 2785, 2530, 3581, 4198, 2792, 3177, 4203, 2796, 3820, 4206, 2925, 3052, 4093, 4466, 4082, 4087, 4600, 4601, 4090, 4221, 2431]"
3388,\x74ec638d8e82ab4e7aacac77ef47a49e735ca7dd,[3810]
3390,\xc0549087333b7972088f3aef2b07eacbe0834b44,"[4548, 4334, 4340, 4342, 4442, 4349]"
3394,\xf247f7d61babed6551cc5fb4b8ee712c57247997,[4624]
3416,\xbce3bd3b206946abbe094903ae2b4244b52fb4e9,"[2696, 2697]"
3418,\x6186290b28d511bff971631c916244a9fc539cfe,"[3393, 3554, 3425, 3526, 3720, 3721]"
3426,\x5154dceeadd948111678616de0394a4544e3abe4,"[4096, 4097, 4099, 4100, 4613, 4102, 4106, 4878, 4882, 4116, 4248, 4519, 4520, 4141, 4271, 4200, 4201, 4093, 4094, 4095]"
3431,\x1e36a5979c613f52f8cb956638b07602c7e7e1f7,"[2753, 2626, 3108, 3111, 3112, 2759, 2686, 2732, 2765, 4080, 4181, 4184, 3101, 2750]"
3432,\x5e1d178fd65534060c61283b1abfe070e87513fd,"[4185, 3779, 4228, 2566]"
3433,\x3433faf996a75d642a1e8dc82b8d70381e252881,[4897]
3439,\xaf5bdcfedad85f50eed8e9d3af0d24455b7c3d2e,"[3300, 3301, 3302]"
3458,\x610cfceace0630724f9adc66576964a622db632f,[4833]
3462,\x5530261a51142f7e8cdf1fac195f542e433d0c8c,[3362]
3470,\x7e2d1cad77532072a33cb6e40c4eecd4d96b6cd0,[2720]
3486,\x3a49309413793b32f6a308769220147fedbffa5f,"[3714, 3556, 3273, 3436, 3664, 3893, 3288, 3321, 3483, 3261, 3294]"
3487,\xdaf1060f23583ee0088dabc18719965b365ed66a,"[4108, 3534, 3601, 4662, 3642]"
3490,\x725db1cc501cbef4db9cf06a741d44a4c41a2426,"[3632, 3749]"
3498,\xcbf97e2fa4631ad5aaac9097b2386d540e0c7615,[4425]
3513,\xa374a95b8246cc6d9c5bb660a913571be8c2d8aa,"[2780, 4516, 4553, 2866, 2771, 4597, 2492]"
3514,\x78f0269f5b1ca914c8c58993f41181f89e212b27,"[2436, 4871, 2952, 2953, 3850, 3341, 3343, 3344, 4881, 3218, 3091, 3219, 3221, 3858, 4631, 3862, 2840, 2961, 3987, 2971, 4125, 4900, 3115, 3884, 2989, 2613, 2743, 3256, 4666, 2619, 4030, 4931, 2884, 2885, 3271, 3147, 4303, 4047, 4050, 2647, 2651, 2781, 2655, 3581, 3811, 3427, 3555, 3686, 3432, 4715, 3693, 3825, 2545, 4339, 3444, 2933, 3318, 2684, 2685, 3582, 3583]"
3517,\xc717fc3ede61d6e30648e79b6fea49a2f31c0203,[3837]
3525,\x5aaeb9ed7e4a4ab6753141598530a0e8f1a7f48c,"[4386, 4322, 4323, 4324, 4326, 4327, 4331, 4309, 4312]"
3531,\x643c711618c89449dea7465b0772a565eff57f52,[3602]
3535,\xb3007ff3c3f40bdf0126fec7c8e43c3fc50ea813,"[3140, 2679]"
3542,\x007508a6c38bcf12a30728c363968dab1be6384a,[4057]
3543,\x26439aeb008d63b6686798b5f08a84c7abefbd80,[4720]
3547,\x0602a3f56c665538922e266f58aba1ac8dccbc48,[4847]
3558,\xaae8c50d76c76fb8947c9a203103d28b55862977,[4922]
3567,\x1c2581e734a8b35e4c5f3077b5c2271157de5b94,"[2889, 2893, 2895, 2899, 2903]"
3570,\x087173c12ec250a105aaf7cdc57d36958ee8c27d,"[4225, 4737, 4769, 4233, 4238, 4735, 4799, 4531, 4216, 4217, 4699, 4893, 4126, 4127]"
3572,\x1857034ef7c022c4373370ff5211be3da7ea27c1,"[3552, 3544, 3695, 3576, 3675, 3676]"
3578,\xc0f030eac8b588817f8da16b9a2cdccc6451b25c,[3372]
3608,\x4c1bd9c7ff3906ba3c106c61f47c0d9ad55c1bb7,"[2944, 2946, 2947, 2951, 2922, 3116, 3888, 3922, 3127, 3128]"
3610,\x792b37c2244ecc0bc18ad193498f17b27efae7d9,"[4641, 4674, 4644, 4645, 4654]"
3622,\xf9728b826eaf5a654a3a61df25be6920d2e7b1bf,"[4858, 4310]"
3625,\x968b61557a99b23e62be4adb77d26d7f21a4cca5,"[3364, 3750, 3340, 3378, 3346, 3349, 3350]"
3647,\x7c00c9f0e7aed440c0c730a9bd9ee4f49de20d5c,"[2570, 2602, 2623]"
3653,\x45ea3646c3504ace61d1c3d77a5e01c6492ada01,"[4608, 4651, 4611, 4644]"
3662,\xd7c318e9f9129239f6ba4e10994137113dcf6244,"[3188, 4446]"
3673,\xbc9ca5bd0f07700929f8d538233b0a9e60f4ddc5,[4627]
3677,\x287b38f2bbc290fcb37c08436a88cebb63382c9e,"[3589, 3495, 3752, 3497, 3593, 4617, 3502, 3503, 4916]"
3691,\xa577edbd1413f070733602d2baf78a4861c5d8d0,[4844]
3704,\x5a6e40b29bf20e4f60e7becb571af5ad5796a3c4,"[3387, 3389]"
3709,\x289d953cf25d51abbc825faac3c260c10eda72cf,"[3875, 4176, 3895, 3897, 4538, 2523]"
3710,\x73e4a2b60cf48e8baf2b777e175a5b1e4d0c2d8f,"[4433, 4900]"
3714,\x44ddf3e35cd2d629d78674ff6bf5b953e2b069fe,[3564]
3717,\x954149c9febade512b1b6c5645bc7aad04053a58,[2818]
3728,\x9d3f4eeb533b8e3c8f50dbbd2e351d1bf2987908,"[3804, 3803, 4908, 3805]"
3740,\xc4ee33c00900dd22f34fa361e2d679a28d513284,"[4080, 4081, 4348]"
3764,\xa1179fb2f411d1c5b1e10b1658b61fd9e364253d,"[3488, 3009, 2957, 4248, 3355, 2975]"
3765,\x53ede7cae3eb6a7d11429fe589c0278c9acbe21a,"[3586, 3075, 3081, 3086, 3087, 3090, 3093, 3097, 3610, 3099, 3100, 3615, 3105, 3618, 3111, 2552, 3624, 3114, 3631, 3120, 3632, 3122, 3124, 3125, 3636, 3637, 3128, 3638, 3639, 3640, 3133, 3134, 3646, 3648, 3137, 3649, 3139, 3657, 3658, 3659, 3660, 3149, 3150, 3151, 3152, 3661, 3662, 3155, 3663, 3664, 3665, 3673, 3674, 3675, 3676, 3167, 3681, 3683, 3692, 3700, 3189, 3191, 3703, 3706, 3707, 3709, 3198, 3713, 3202, 3203, 3205, 3206, 3207, 3214, 3218, 3226, 3228, 3229, 3744, 3751, 3755, 3244, 3757, 3246, 2741, 3253, 2743, 3254, 2745, 3255, 3767, 3769, 3778, 3782, 3785, 3786, 3787, 3278, 3790, 3791, 3792, 3793, 3794, 3795, 3796, 3287, 3800, 2778, 3803, 2780, 3293, 3806, 3807, 2784, 3810, 2787, 2791, 3304, 3817, 2794, 3306, 3309, 3310, 3311, 3822, 3313, 3826, 3829, 3830, 2809, 2812, 3325, 3326, 2815, 3837, 2818, 3330, 2820, 2821, 3335, 3336, 3342, 3855, 2833, 2834, 3348, 3349, 2838, 3860, 3352, 3357, 3358, 3875, 3877, 3366, 2855, 3883, 3374, 3375, 2867, 2868, 3892, 3384, 3902, 3905, 3906, 3395, 3399, 3400, 3404, 3917, 3408, 3920, 3924, 3413, 2905, 2907, 3933, 2913, 3938, 2915, 3940, 3430, 3431, 3944, 3946, 3435, 3947, 3948, 3440, 3952, 2930, 2931, 3953, 3955, 3957, 3958, 3959, 3964, 3966, 2943, 3969, 3971, 2437, 3461, 3463, 3973, 3465, 3974, 3976, 3468, 3977, 3978, 3981, 3472, 3474, 3477, 2967, 2969, 2460, 2461, 3488, 2466, 3496, 2985, 2986, 3498, 2476, 3500, 2478, 2990, 2991, 2992, 2993, 2994, 2485, 2997, 2999, 3000, 2489, 2490, 2491, 3001, 3002, 3006, 3514, 3515, 3011, 2500, 3012, 3013, 3015, 2510, 3023, 3024, 2515, 2516, 2517, 3027, 3034, 3035, 3036, 3044, 3045, 3046, 3560, 3049, 3573, 3574, 3063, 3064, 2555, 3069]"
3773,\xe5e771eabbe21158a922c914256ceb41203379d2,"[4498, 4499, 4116, 4117, 4118, 4503, 4500, 4501, 4122, 4249, 4124, 4250, 4123, 4252, 4121, 4385, 4525, 4142, 4407, 4412, 4415, 4426, 4315, 4319, 4328, 4466]"
3776,\x3db26e14009f3e14ebdb5a80e2374e0afa1f6681,[3730]
3791,\x27c79a01878962ce0b6126af6e184c06d36c8f37,"[2560, 2562, 2563, 2564, 2565, 3074, 3077, 2571, 2572, 2573, 2574, 2575, 2576, 3084, 3982, 3095, 3354, 3356, 2551, 2552, 2869, 3254, 3255, 2871, 2555, 2880, 2888, 2889, 3068, 3070, 3928, 3071, 3047, 2664, 3048, 2804, 3189, 3190, 3191, 2550, 2553, 3066, 2683, 2556, 2557, 2558, 2559]"
3830,\xd7761f03bc4e6c2ee4a18caa7aeb226efda9aa9b,[2762]
3833,\xd71a41ec000089ae99873afb4d15cc7d54dd95bc,"[4762, 4778, 4806, 4775]"
3844,\x86ab846eab1db8ed6f410cbc7c5497de0b7b4536,"[3538, 3539, 3540, 3541, 3542, 3543, 4051, 3545]"
3848,\x6076908d835ddaaef6baaa7e3e0afd5ea00de09c,[4213]
3858,\x1f5a39931bfcf3ed01fd2d33febb1aa385e26a0c,[4874]
3876,\x98c1d8a5cd2e6fa559ba6ae0680b388b799ac231,[4737]
3889,\xcd8eddd0a27047d53d65f23d483a8a169d54526b,[4038]
3894,\x5fdafa2282356b11b8ba07dee42a4f1a75c1fe48,"[3752, 3812, 3751]"
3900,\x7672b17d5eebb7194d57066f86fbcb4e85a7e10e,"[3220, 3412, 3479, 3416, 3230]"
3906,\xec4b065f11ba9caa341465e23f2f2a99b32537e3,"[4331, 4332, 4301, 4333, 4336, 4242, 4440]"
3921,\x4b01629a1baf82d8ab62726776b1332539e51cec,[4743]
3930,\xef3d9ddf59f3622a04753c61e6c4d596e7fc610d,"[3970, 2948, 2694, 4615, 3469, 2591, 3236, 3499, 3248, 2612, 3894, 3511, 2873, 4666, 2625, 3138, 2628, 2629, 3143, 2642, 2644, 2645, 3298, 3428, 3565, 3568, 3569, 3317, 4598, 4218]"
3934,\x5ebe4c2f14cd027bb2bfce0116cdc4ceb1b68d95,"[4843, 4462]"
3940,\x67d9057494e2e1b7361251043843db3c2abf8177,[4386]
3941,\x0d41f957181e584db82d2e316837b2de1738c477,"[3089, 3977, 3978, 3162, 3235, 3236, 3237, 3240, 3241, 4311, 4313, 3290, 4332, 4333, 3828, 3331, 3332, 3333, 3334, 3335, 3336, 3337, 3338, 3339, 4891, 4892, 4392, 4393, 4394, 4395, 4396, 4397, 4417, 4424, 3923, 3924, 3925, 3926, 3927, 3928, 3929, 3930, 3931, 3932, 3933, 3934, 3935, 3936, 3938, 3940, 3941, 3942, 3943, 3944, 3945, 4458, 3946, 3947, 3948, 3949, 3950, 3951, 3952, 3954, 3955, 3956, 3957, 3958, 3959, 3960, 3961, 3962, 3963, 3964, 3965, 3967, 3971, 3460, 3972, 3973, 3975, 3976, 3974, 2440, 2441, 2442, 2443, 2444, 2445, 2446, 2447, 2448, 2449, 3979, 3980, 3981, 2972, 4027, 3516, 3518, 4031, 4048, 3555]"
3945,\x2a62275773c91865f6fbee86d41bacaa696d82dd,"[3968, 3204, 3436, 3471, 3921, 3891, 3158, 4217]"
3948,\xcf0e9b4746cfb97bae329fe5f696969f6564566a,"[4097, 4100, 3717, 4614, 3719, 3593, 4877, 4238, 4366, 3731, 4118, 3735, 3863, 4121, 3990, 4766, 4510, 3872, 3618, 3621, 4007, 3496, 3626, 3627, 4010, 3117, 3500, 3889, 4146, 4536, 4153, 3514, 3515, 3517, 3520, 3651, 3652, 3909, 3912, 3529, 3531, 4304, 3832, 4180, 3674, 3802, 4700, 3547, 4702, 3679, 4063, 4705, 3937, 4064, 4199, 3815, 3816, 3691, 4204, 4588, 3566, 3567, 3568, 3697, 3953, 3699, 3569, 4592, 3572, 2807, 4216, 3705, 4730]"
3952,\xe9e7b800ec5fc6015cf6b2826711254bab3c12e4,"[4760, 4753, 4755, 4756]"
3960,\xf551825ea3f24fa7826acc320252083cab028f29,[4275]
3966,\x104d619a4452d979876c7d1d9e37f0294fa6a77b,"[4845, 4783]"
3970,\x1bc3621fd2348d46fa54524d165d50b5163902ba,"[3904, 3814, 3529, 3566, 3504, 3607, 3608, 3613]"
3971,\x1edd1f0d625eb38387bdbbe074994a87fd4959d2,[4678]
3985,\x8bd7a05a48d78fddd0e4accafa096c542c4c03c6,[4688]
3999,\x552f01d67b352aaa38bc675e30ced97f2451df63,"[4899, 4757, 4758]"
4001,\xb6be4de7f37bae20085d830a28982be8ad19052b,"[4866, 4230, 4236, 2831, 2716, 2593, 3106, 3110, 2605, 3121, 3507, 3508, 3509, 4280, 4281, 3642, 3643, 3644, 4282, 3648, 3649, 4929, 4930, 4423, 3530, 3532, 3533, 3534, 3535, 3536, 3537, 4561, 4308, 3545, 3546, 3164, 3165, 3166, 3169, 3170, 3171, 3172, 2789, 3174, 3175, 3176, 4325, 4581, 3180, 3181, 3182, 3183]"
4002,\x7132c9f36abe62eab74cdfdd08c154c9ae45691b,[4489]
4008,\x033ee76d5ac6398da4d8c8955e28f71f75680ece,"[4280, 4281, 4283, 4284, 4147, 4148, 4276, 4150, 4151, 4152, 4153, 4277, 4155, 4156, 4157, 4278, 4159, 4279, 4161, 4162, 4282, 4164, 4165, 4285, 4287, 4168, 4288, 4170, 4290, 4289, 4292, 4174, 4294, 4295, 4177, 4297, 4181, 4182, 4183, 4184, 4185, 4186, 4187, 4291, 4190, 4191, 4192, 4193, 4194, 4293, 4197, 4202, 4206, 4296]"
4028,\x7aadcc0ccf292dedb7deb8d58a0fcf6b957f4322,"[4450, 3126]"
4049,\x10b4c1fbcc63e90b8747c6f4f7b072b516c7d439,"[4470, 4463]"
4056,\x09d57f361f794d150c04443a7b6e369120dc2bea,[4244]
4059,\x7f9f56587e13ace3500b6fb1e1feb8b40e310c6e,"[4569, 4611]"
4062,\x568cf5a6d27f317a4dd1d69a7f50115491b4c6af,"[4480, 4482, 4483, 4485, 4486, 4487, 4489, 4490, 4491, 4492, 4493, 4494, 4495, 4496, 4497, 4502, 4513, 4514, 4515, 4516, 4517, 4519, 4520, 4524, 4540, 4548, 4818, 4822, 4824, 4476, 4477, 4478, 4479]"
4064,\x3fed8d56e7d44fac10303d3987baf6f340a33715,[4536]
4086,\xd5438faf73f8dff6da0a3c0363f6ba188280b8a9,[2756]
4107,\xce810c1ca6390063aca6c16adc095b2f0603c4ba,"[4088, 4554, 4679]"
4130,\x66c7a7348250f453a37cf86410a946f9668de386,[2436]
4134,\x4dcaf34d9fbc21c222c46bd0fc78b02609b00897,"[2883, 2884, 2885, 2470, 2471, 2886, 2544, 2899, 2421]"
4135,\x5654967dc2c3f207b68bbd8003bc27a0a4106b56,[4736]
4169,\x45cb9fddeef1755a6c6c66e1758c5cc094226f3c,"[4328, 3913, 4044, 3628, 4046, 4076, 4022, 3991, 4540, 3646]"
4186,\x0ad0b792a54704dc7b6f85cbb774106d22e814d9,"[4794, 4713, 4714]"
4188,\xd3a8a759330d9a9d1e4d1f3e484d567b8f020e01,[3215]
4194,\x3f17244f636f12e4324717ba47848be81d6bcb35,"[2849, 2797, 3246, 2803, 2901, 3095, 3065, 2842, 2843, 2652]"
4205,\x5bb35c9576ef6e42d4447adcb3272f0b8582e82e,"[4643, 4636, 4645]"
4215,\x3e17fac953de2cd729b0ace7f6d4353387717e9e,"[4224, 4351, 4751, 4758, 4251, 4252, 4257, 4773, 4263, 4264, 4775, 4149, 4286, 4160, 4166, 4167, 4298, 4172, 4173, 4303, 4176, 4304, 4305, 4306, 4307, 4308, 4820, 4314, 4188, 4585, 4337, 4338, 4343, 4346, 4347, 4348, 4221, 4350, 4223]"
4216,\xe5e64f06795c08453f35fd969f0ebe85419ed1c7,"[3742, 3605, 3678, 3799]"
4226,\xc0e3218697f200698003867b4df5e6fd8e9c83a6,"[3464, 3386, 3415, 3384, 3578, 3391]"
4257,\xfa1c022f5aa019077a480a710927ab56d6eee640,"[2728, 3091, 2766]"
4259,\x6ef2376fa6e12dabb3a3ed0fb44e4ff29847af68,"[4914, 4899, 4878]"
4268,\xbfa319ef5529b88a0ad94dcc36d438dcafac0e52,"[2442, 4111, 2447, 2449, 4132, 4133, 3879, 4391, 4412, 2496, 4033, 2758, 4177, 2642, 4307, 2644, 4567, 4442, 4443, 2783, 2784, 2785, 2786, 2787, 2788, 2789, 2790, 2791, 2792, 4214, 4342, 4091, 4349]"
4270,\xe4c479a60633caf3c86228ed6a9b0bdd5d14cf79,"[4225, 4357, 4229, 4231, 4232, 4234, 4242, 4250, 4254, 4259, 4260, 4263, 4265, 4393, 4269, 4270, 4397, 4272, 4275, 4276, 4277, 4278, 4279, 4283, 4284, 4287, 4288, 4289, 4290, 4291, 4292, 4294, 4296, 4297, 4207, 4208, 4212, 4213, 4223]"
4276,\x972e633f5f6f62d1f2a13977f113941fcb3b606b,"[3874, 4006, 2426, 3995, 3869]"
4285,\xc24f574d6853f6f6a31c19d468a8c1b3f31c0e54,"[2946, 2954, 2956, 3984, 4247, 3484, 3485, 3486, 2592, 3232, 3233, 3108, 4262, 3239, 3112, 3242, 2731, 3116, 3118, 3250, 3126, 2874, 2875, 2876, 2877, 2878, 3898, 3900, 2881, 2882, 2938, 3005, 3010, 3273, 2505, 3148, 3279, 2896, 4048, 2898, 3538, 2900, 2910, 3038, 2912, 3178, 3054, 2933, 2934, 3065, 4346, 2939, 2556]"
4295,\x67b404ab25dde5836c084355ea02b75e4d5fc99b,"[3521, 3522, 3523, 3524, 3559, 4810, 4075, 4591, 4560, 3512, 3546, 3518, 3519]"
4307,\xaa73a811a4898ca0e116376be752b3960d554021,[4721]
4311,\xf942258c095f10efd0ca58e1308150ff40239d47,"[4033, 4034, 4069, 3823, 3828, 3829, 4025, 3738, 3743]"
4326,\xa1c78ed146a8693a8cf3d29385bc54cd3f145b4a,[2839]
4329,\xcc7c335f3365ae3f7e4e8c9535dc92780a4add9d,"[2850, 2424, 2667, 2708, 2616]"
4338,\x11c9a7bc7dc20859f04408166c0af218d5cadc00,"[4740, 4385, 3876, 3877, 4009, 4781, 4399, 4400, 4785, 4405, 4796, 4797, 4416, 4808, 4041, 4825, 4826, 4060, 4830, 4322, 4323, 4324, 4326, 4327, 3827, 4853, 4733]"
4352,\x94f67de48a70fde96396f767a2ce5719af7f1bdb,[2854]
4380,\x7a39608107dc014d4bbd7a5f01d3fba5dff6d042,"[4673, 4587, 4589, 4590, 4657, 4658, 4659, 4660, 4661, 4662, 4663, 4664]"
4409,\xba178ae12daa78de6592847cf8bb26508ae5d5db,[3363]
4410,\xad287c97bb72e5a30a1db0d4cf3ea4140339a35b,[4926]
4411,\x865c2f85c9fea1c6ac7f53de07554d68cb92ed88,"[4090, 4815]"
4415,\x530afa101bed324809d0738d45b38a669314ff54,"[3113, 3114, 2829, 3087, 2927, 3089, 3090, 2928, 3092, 2929]"
4418,\x341e1cb13eadec0748587fea758620fd9538f51c,[3834]
4422,\x55947ed26dc3e0a5b093ec7ebaa463637ef37d28,"[3619, 4580, 3878, 3910, 3718, 3498, 3724, 4565, 3798, 3159, 3160, 3161, 3162, 3263]"
4426,\xb4d0e809a1903143c17e213abe9202fb436b2513,[4915]
4427,\xc55166f1369535a01b63722eb8be1dc46317778c,"[2761, 2759]"
4435,\x0ed6fed4df8480c1d1b3b78537cfb8f9c22a81ef,[4898]
4436,\xcf6165e56c3383978f6eaaf58b314af41569c0f0,"[4901, 4902, 4903, 4904, 4879, 4883, 4884, 4885, 4886, 4887, 4888, 4889, 4890]"
4451,\xf115381ed1042577f20dc0cb4498fdbbffc3309f,[4526]
4456,\xbe7516aef9d60c11f9a8d870736137dbdd8a22df,[4849]
4459,\x9ae8912ea6562957043c8d048641aa9b450c397f,"[3811, 3716, 3814, 3912, 3817, 4107, 3694, 4149, 4245, 3833, 3900, 3901]"
4460,\xfbdbcf1ebe27245e3488541f19cac902e53239a4,[3921]
4465,\x4b62ae60d7b4c5b4d63cfaf189a19e637beee4e1,[4742]
4467,\xd5fb8583ab7ea703f194caba36f378523d619706,"[3599, 3759, 3762, 3510, 3768]"
4476,\x843d81eaf23c0073426581de5a3735b060888f1b,"[4624, 4625, 4626, 4389, 4390, 4542, 4549, 4550, 4551, 4552, 4568, 4571, 4572, 4573, 4574, 4575, 4576, 4577, 4578, 4579, 4465, 4468]"
4487,\x98d217c52f195a9ec34ba33bd09803c062e08ecd,"[3617, 3684]"
4493,\x43b89f4a3a9dfcc5c2f2e5390a86c3ea4710e648,"[3201, 3199]"
4503,\x3ee505ba316879d246a8fd2b3d7ee63b51b44fab,"[4163, 4175, 4178, 4179, 4180, 4154, 4189, 4158]"
4504,\x20e386ca32b7f545168402841a7cef228b479658,"[3842, 3843, 3844, 3845, 3846, 3847, 3848, 3849, 3851, 3852, 3862, 3864, 3865, 3866, 3867, 3869, 3870, 3871]"
4506,\x08668be6da9b57172178711126961c26f1bb86b0,[4706]
4529,\x001da99a3554b6506bdc2079fee6a97081f1b58b,[2926]
4548,\x4d17cf47aaa1f6fbb39f73b2d310cefb98a6fd0a,[4723]
4553,\xf5043b09b635e57c25acaab0c196f7bce4be3dc3,"[2816, 2756, 2916, 3239, 2984, 2601, 2648, 3036, 2831, 3262, 2806, 2968, 2617, 3612, 2974]"
4555,\x8e532f9fa58edf9d36f595f44f0abe5f86424e31,[4772]
4556,\x274008f15dc24406d8656bafa1c5994e3da1b094,"[2561, 3073, 2433, 3076, 2566, 2567, 2568, 2569, 2439, 2572, 2574, 2704, 2705, 2960, 2581, 2582, 2583, 2584, 2585, 2586, 2463, 2723, 2724, 2725, 2982, 2727, 2603, 2604, 2605, 2606, 2607, 2608, 2609, 2611, 2486, 2748, 2497, 2498, 3029, 3030, 2903, 2519, 3031, 2529, 2550, 2551, 2554, 2683]"
4562,\xeee5eb24e7a0ea53b75a1b9ad72e7d20562f4283,[4809]
4570,\x93f27b8719aba7ebaeaa19ef6cc3b5962aa32e69,"[4044, 4076]"
4572,\x0eacc4ab348e8456051f094058dbbdb1653a4da5,[4504]
4575,\xaa33f700653c8bec7b731b9de3e81bfe53b8b8e5,[4738]
4578,\x4c969243fc60179b4aca73a361755aaa227f2241,"[4933, 4934]"
4589,\x12e5e3e7a1389fed96e1be50aed32316c027b18b,"[4468, 2869, 2871, 2904, 2905, 2906, 2907, 2908, 2845]"
4610,\xd311e934d9a1d9f71004976cd0268fd25f9cb77f,"[2627, 2614]"
4622,\x76d2185834cf02e5a65622d5e26ab112df20ced1,[4416]
4631,\x2f411c0dec0456411e9f9a41a49aa62d9a6122eb,"[4613, 4593, 4595, 4628, 4633]"
4633,\xedf7b675a2fe3c27efb263fb4c204a3f0fb17d46,[4833]
4636,\x6f17244c39f6810b4c8817b33978d00d70423fc9,[3268]
4649,\xca1e7d1ecc5655df43f9b20b815c5c6f7936512f,"[4699, 2917]"
4657,\x4397c860587ccad9da18d163d23fd5d3df2ee728,"[3686, 3878]"
4658,\x00668bd79ede077b99bbe1c4db59418bc333d4cf,"[3818, 3819, 3820, 3885, 3886, 3821, 3822, 3831, 3890, 4019, 4020, 4021, 4347, 4151, 4507, 3836]"
4671,\x850b57fa5e6cf7dd624ac9287a2c7c79b342d7a8,"[4086, 4087]"
4672,\x2debdf4427ccbcfdbc7f29d63964499a0ec184f6,"[3616, 3614, 3615]"
4678,\x900d3e6830ec6601395030c66e20702d9d3de20e,[2865]
4698,\xffe6788be411c4353b3b2c546d0401d4d8b2b3ed,[4780]
4700,\x7ea6030486fabd4844785c99a13dfd66ca05b386,"[4847, 4848, 4818, 4851, 4822, 4824, 4828, 4829, 4831]"
4710,\xcecad6e9bd16ce04249c4e11ed5e1de20ccaf90d,[3211]
4736,\x11df180d9bdbe90fa51898b3d59959549d589426,[4219]
4748,\x51ec5e1b8b3c4c6bae49619e657f94c4ad577b45,"[2433, 2695, 2699, 3347, 3354, 2599, 4780, 2614, 3136, 4933, 2886, 3530, 3195, 3323, 3409, 2643, 4182, 2775, 2527, 3429, 3687, 3054, 2672, 2546, 2547, 2548, 2549, 3322, 3451, 3197, 4862]"
4754,\x8ed1374ee2601eb3fd635978b17de61b2a7b3b82,[4835]
4756,\x704c978d50590b21e4c2f43eb4da24fe61fcd707,[4092]
4760,\x36a5bc205df1ed65c86301022cfc343a6ce546ff,[2702]
4761,\x52ad8f3c506aa25b954276c5456060dad6f3fd7b,"[3808, 2913, 3650, 3908, 3909, 4043, 4876, 3085, 3088, 3250, 3251, 4690, 2901, 4851, 4183, 3614]"
4763,\x7b1d4f3602f0fe16c4f611e124d3d7b307245ba8,"[3232, 2656, 2499, 2501, 2953, 4873, 3468, 4813, 2910, 2707, 2452, 2837, 3285, 4599, 4542]"
4768,\x9fbc65a78e12c66d6dd014f85ce742acba1da45d,"[4414, 4418, 4421, 4422, 4884, 4410, 4254]"
4773,\x289bba68d4dcf9ee028f24c091380374d0656f0b,[4703]
4789,\xeee6587c643be5aa3cfb7d75fbc1e4144d10d184,[4448]
4834,\x95c5503bff183736a4e123b1c7cd4791bcde2f44,[4543]
4841,\xb268f20c03c39f00425db32c424fd5272220496e,"[4451, 3045, 2633, 3147, 4427, 4429, 3609, 2703, 2638, 4046, 4402, 4049, 2682, 4695, 2680, 4505, 2618, 4541]"
4848,\xe5501bc2b0df6d0d7daafc18d2ef127d9e612963,"[3641, 3645]"
4868,\xd4fa6e82c77716fa1ef7f5defc5fd6eeefbd3bff,[2669]
4869,\xbb403d793dda52f8512950953771b7c341086120,"[3585, 3777, 3780, 3719, 3563, 3535, 4021, 4405, 3516]"
4870,\xe38f383dba802c0c45a127f96354c077ddee886f,[4670]
4879,\x7ea6df62b3f1a18b35f83f8c62fb3f1db8b0e4e8,[3049]
4898,\xa15084e5c9649d7f833e91713a7f0e56259656fe,[2650]
4913,\x93ca0ecfc2bf0d9166c7e87bc2d9a8e0ee92b9fb,"[4138, 3604]"
4914,\xa163a1feaea96caa87f7b6eec2fbe5bb23d0ab00,"[3465, 3446]"
4915,\xdde8df9a7dc9f68bdac815f493d1d731de911b5a,[3470]
4916,\x3767043fdcfa29c88813dc9f2955996b095d3b2d,[3278]
4917,\x3a25fdcb10117f981d638bb98ff0da95e20a44cc,[2921]
4923,\xf556cf12807fc720a9b57f54f548d575905a1ed0,"[3337, 4262, 3626, 2615, 2872, 4411, 2751, 3398, 2760, 4169, 2634, 2635, 2765, 2640, 2769, 2773, 2529, 2532, 2793, 2667, 4335, 2672, 2802, 2675, 4350]"
4926,\xa16ce88f9f702d390244ce016f9416b23c9c3027,[4427]
4941,\x0eb9a7ff5cbf719251989caf1599c1270eafb531,"[4353, 3842, 3843, 4733, 3846, 3847, 4487, 3849, 3466, 3851, 3852, 4492, 4493, 3988, 3989, 3991, 3999, 3616, 4001, 3619, 4905, 3243, 3756, 4145, 4406, 4160, 4161, 4802, 4166, 4678, 4178, 4179, 3287, 3551, 4325, 3433, 4457, 3694, 4341, 3960, 3961, 4602, 3707, 3709, 3454]"
4954,\x6f6101686f5b5c33bb5aac1d9185c9a0ccbdb3cf,[4870]
4963,\xd35bd31431b33b756f965af3c62776354d6e4bd8,[4299]
4969,\xc155f9bd6b71e9f71d0236b689ad7c2c5d16febf,"[4258, 4259, 4260, 4910, 4911, 4210]"
4973,\xfff1b1e92accedfd67b01b1058edb123cbbdede7,[3208]
4977,\x890c12b4e93d6205f85f1def99985b707a6beec2,[3562]
4998,\x3ef5f421e155ed29e6fa815fd875bfcd5f22ecd1,"[4321, 4436, 2557, 4310]"
5017,\xec959f4043c7fa8039cd48362d66d7031a5f31aa,[4854]
5023,\xa2af28e6dda77dddd89eb43a1e8d31e9d323f67a,[4355]
5031,\x585f98cf291f081405412edafcf471d19003ca9c,"[4622, 4882, 4663, 4664, 4634, 4924]"
5033,\x4d64ab5893659451d80b20dab9d610ad2fb40579,"[4576, 4577, 4578, 4579, 4549, 4550, 4551, 4552, 4568, 4571, 4572, 4573, 4574, 4575]"
5051,\xbfe8270d85cae24420af050ff74c735c0f218a29,"[4560, 4586, 4563]"
5052,\x1d12d09793daf5eb834c8d29eb6a039c32b73813,"[4643, 4904, 4265, 4266, 4267, 4620, 4268, 4269, 4270, 4271, 4272, 4273, 4274, 4399, 4593, 4665]"
5057,\x219688c6156edea2e2ca7e2036c1c5b7f6451169,"[3841, 3850, 4237, 4630, 4632, 4506, 4763, 3879, 3880, 3881, 3882, 4650, 3884, 4530, 3892, 4024, 4026, 3899, 3898, 4028, 4029, 4030, 4669, 4676, 4037, 3914, 3915, 3916, 4811, 3918, 4562, 4051, 4053, 4054, 4055, 4056, 4057, 4058, 4565, 4569, 4320, 4838, 4596, 4597]"
5058,\xf5f26a6041f27377d9488406f60a26daed4d4c20,[3732]
5062,\xd27aa625cbb2f1e5ddc4ed27890ae2a63e1ca810,"[4731, 4725, 4718]"
5065,\x5ff57fe847a6fb357d6765ef7587c057c4253cc5,"[3383, 3032, 2777, 2778, 2779]"
5071,\x037e2847c769d20564502183f524f88baa06b389,"[4354, 4362, 4363, 4364, 4367, 4241, 4372, 4373, 4377, 4636, 4765, 4382, 4639, 4256, 4257, 4258, 4515, 4770, 4771, 4267, 4268, 4652, 4655, 4657, 4285, 4293, 4295, 4693, 4566, 4694, 4703, 4704, 4194, 4708, 4197, 4581, 4710, 4202, 4715, 4718, 4209, 4210, 4211, 4725, 4729, 4731, 4732]"
5090,\x04ede46c36e138daee85b7e1f7711fa8ee908b00,[4741]
5104,\x1fafa69cfbe020063fe4376fca3ecc4ed2b6936d,"[2794, 2795, 2796]"
5110,\xee8eeec3e7a5ad82827480a9e00d01b1ec0a9f3b,"[4065, 2435, 4330, 4398, 4526, 4432, 4434, 4406, 4477, 4440, 4218, 4125, 4510]"
5115,\x94de7e2c73529ebf3206aa3459e699fbcdfcd49b,"[4716, 4717, 3918, 4654, 4668]"
5118,\x1e815a8188f1b84564577c1c998f7e6b4706b752,[4924]
5132,\xf983557ec70fbf1a4b1e247af7bf10247e9b69c4,"[4705, 4726]"
5134,\xd387a6e4e84a6c86bd90c158c6028a58cc8ac459,"[4134, 4135, 4136, 4137, 4219, 4300, 4358, 2422, 2423, 2427, 2428, 2429, 2431, 4482, 2443, 2444, 2448, 2450, 2455, 2456, 2459, 4509, 2464, 2468, 2472, 2474, 2475, 2479, 2480, 2481, 2482, 2488, 2500, 2502, 2503, 2504, 2505, 2506, 2507, 2510, 2511, 2512, 2513, 2514, 2515, 2516, 2517, 2518, 2520, 2521, 2525, 2526, 2527, 2528, 2531, 2533, 2535, 2537, 2542, 2544, 2545, 2546, 2553, 2559, 4608, 2561, 2563, 2564, 2568, 2569, 2576, 2577, 2578, 2579, 2587, 2589, 2590, 2591, 2593, 2595, 2600, 2617, 2621, 2630, 2631, 2632, 2635, 2639, 2640, 2648, 2658, 2659, 2660, 2662, 2676, 2682, 2686, 2709, 2710, 2711, 2712, 2713, 2714, 2715, 2716, 2717, 2718, 2719, 2720, 2721, 2722, 2730, 2734, 2735, 2736, 2737, 2752, 2790, 2813, 4872, 2832, 4887, 2844, 4894, 4895, 4896, 2858, 2859, 2860, 4915, 4916, 4937, 2920, 2927, 2928, 2936, 2937, 2944, 2945, 2958, 2962, 2965, 2970, 2978, 2983, 2998, 3007, 3018, 3033, 3037, 3039, 3040, 3041, 3042, 3043, 3059, 3060, 3061, 3102, 3103, 3104, 3105, 3106, 3107, 3109, 3110, 3121, 3122, 3123, 3124, 3144, 3154, 3161, 3163, 3164, 3165, 3166, 3167, 3168, 3169, 3170, 3171, 3172, 3173, 3174, 3175, 3176, 3179, 3180, 3181, 3182, 3183, 3184, 3185, 3186, 3187, 3193, 3194, 3195, 3196, 3198, 3203, 3213, 3227, 3234, 3258, 3265, 3269, 3274, 3301, 3302, 3303, 3326, 3327, 3328, 3351, 3378, 3383, 3396, 3411, 3429, 3434, 3437, 3447, 3457, 3482, 3506, 3524, 3525, 3543, 3547, 3551, 3552, 3553, 3558, 3571, 3575, 3576, 3666, 3667, 3668, 3670, 3677, 3710, 3712, 3715, 3720, 3734, 3736, 3755, 3756, 3757, 3758, 3759, 3763, 3764, 3765, 3766, 3772, 3773, 3776, 3778, 3779, 3780, 3784, 3785, 3786, 3787, 3788, 3790, 3791, 3792, 3793, 3794, 3795, 3796, 3797, 3799, 3800, 3801, 3802, 3827, 3833, 3856, 3857, 3872, 3873, 3874, 3885, 3913, 3926, 3931, 3963, 3968, 3986, 3987, 3988, 3989, 3990, 3992, 3993, 3994, 3995, 3996, 3997, 3998, 3999, 4000, 4001, 4002, 4003, 4004, 4005, 4006, 4011, 4012, 4013, 4016, 4017, 4073]"
5158,\x28ac9e4eeca87b5310cb64fbe8ff22f498deae07,"[4817, 4235, 4236, 4757]"
5160,\xae2d30cae74298483b16fe22d47e4f6eb943485f,"[2565, 2822, 2823, 2824, 2825, 2826, 2571, 2827, 2828, 2469, 3004]"
5165,\xef6d69922bc2d038cb508086846524f8011c4a74,[4787]
5179,\xc9705c60f6bbbef941b8a6a67606908e188d45f9,"[3840, 4098, 4040]"
5188,\x4a9073108c4ebe46a7557e6a5e68ed20b33f5479,[4692]
5200,\x51787a2c56d710c68140bdadefd3a98bff96feb4,"[4612, 3206, 3334, 4744, 4746, 3979, 3726, 3216, 3600, 3601, 3731, 3732, 4114, 4628, 2967, 3096, 2968, 2969, 2970, 3097, 3098, 3099, 3480, 2979, 2980, 3235, 3754, 2990, 2991, 2992, 2993, 2994, 2995, 3119, 2997, 3382, 2999, 3000, 3001, 3385, 3132, 3774, 3266, 3525, 3653, 3656, 3789, 4059, 3687, 3688, 3689, 2922, 2923, 2924, 2925, 3050, 3889, 3441, 4723, 3445, 3701, 3702, 3704, 3838, 3839]"
5203,\x22ff031aa03a2f008e6a297cfdb1f66efbae0fff,"[2987, 2671]"
5224,\xace239d889b5aceffc6f4ea7ff6ddcafd3900936,[4340]
5226,\x82898337f03c1d73133213580b0d9855d3a5573f,"[4351, 4356, 4407]"
5227,\x0452b1228ab09524d371e3f1f69ebd6360c79181,"[2833, 2834, 3558, 2798]"
5238,\x5e79a38034862733788eefdc3ffedb094444c482,"[2880, 4585, 2902, 2911, 2942, 2879]"
5240,\xca4a5ba3650b6eecb99e33f81659036c5f7794e7,"[4224, 3969, 4226, 4481, 4484, 4101, 4103, 4104, 4105, 4235, 4491, 4239, 4112, 4113, 4115, 4371, 4117, 4374, 4119, 4375, 4502, 4122, 4378, 4124, 4129, 4131, 4388, 4134, 4135, 4137, 3499, 4525, 4142, 4273, 4155, 4156, 4157, 4159, 4163, 4444, 4190, 4191, 4192, 3939, 4075, 4079, 4094, 4220, 3966, 4095]"
5241,\x0c192889c5a96fb5a541df829b5233b9df3418e6,[3587]
5242,\x2e519bce8de405b3939f9ee1b7443d839310f46c,[3758]
5249,\x81ed842efe46e0f18ac820c6d57299d5348e47ba,"[4338, 3588]"
5260,\xb46feee9965694a4d3f32ec22b9c3a4b060d74c6,"[4640, 4594, 4602]"
5263,\x2de7bc9743a3179fd8901e5558fe24388ac7cb33,[4309]
5271,\xf0f0682600eea116a1a15ab0e9c0311b7dbaf41a,"[2689, 2690, 2691, 2692, 2693, 2817, 2570, 2701, 2706, 2594, 2595, 2598, 2599, 2600, 2727, 3240, 3495, 2738, 2739, 2747, 4923, 2751, 3671, 2786, 2670, 2674, 2680, 2685]"
5279,\x9e199d8a3a39c9892b1c3ae348a382662dcbaa12,"[3712, 3713, 4522]"
5301,\xe5c4c41194901047523108bb47eb109781a1a86a,"[2688, 2689, 2453, 2454, 2455, 2622, 2624, 3532, 3665, 2770, 2771, 2772, 2773, 2774, 2539, 2540, 2678, 2679, 2687]"
5305,\x05c00cef0f843000a6f8506a19fa4beb591c519c,[2681]
5315,\x82f3d96ebf1e3e8ee3d8ea3c09a35d8a1b356b8e,"[4789, 4790, 4791, 4792, 4793]"
5323,\xe96c3e1d842beccb10bf57c453b84bf75725241d,"[3041, 2893, 2767, 2768, 3156, 3190, 4925, 3039]"
5330,\x6301add4fb128de9778b8651a2a9278b86761423,"[4032, 4935, 4456, 4171, 3276, 4464, 3633, 2647, 3131, 4316]"
5345,\x0154d25120ed20a516fe43991702e7463c5a6f6e,"[4312, 4313]"
5362,\x51cd54fb353cb29ca02876f79d5aa31cef92e264,"[3737, 3739, 3740, 3741]"
5368,\xded2cb7109ebfe5e6ef409995b0af2211a22a6c9,"[4200, 3914, 4171, 4026]"
5385,\x5a6dfbe6fd32c0888ba8287494e3cba547915275,"[4874, 4875]"
5395,\x9ec9571fa901b5c8270e40f553ba6ac2671d6844,[4401]
5406,\xa876e25a065d887356d493226ea3cc591d623fca,[2932]
5414,\xf288208d88ad8174eb6b4b53b80ff5df91df2c76,"[4720, 4709]"
5420,\xe45df57df7980d8219a5ea811aff949907d0a355,"[2697, 2698, 2446, 2704, 2705, 2454, 2711, 2713, 2841, 2715, 2588, 2717, 2458, 2721, 2465, 2723, 2601, 2602, 2733, 2615, 2487, 2746, 2620, 2754, 2502, 2503, 2504, 2506, 2513, 2514, 2774, 2650, 2525, 2654, 2528, 2661, 2534, 2795, 2677, 2684]"
5421,\x27edb2d6c39ce07896db69e7339f6c8d42330117,"[4300, 4391]"
5423,\x682c303ce4c38c275cf23b38656340d6ba322832,"[4448, 3433, 4457, 4458, 2668, 3583, 2675, 2483, 2548, 2518, 3896, 2522, 2526, 2495]"
5427,\x0d5c8d743516be6bb708816545d3b284aba7e9d5,[4234]
5431,\x8dc320c9500e6fee1d02489507095f1ea88a2026,[4639]
5437,\xf65db13b5ee031cb0ebba525ef21aa6c586681b3,[2776]
5453,\x2a538000a53f38d89f37fa43a301cee2c0f9e331,"[4609, 4226, 4227, 4228, 4229, 4230, 4231, 4232, 4632, 4637, 4687, 4437, 4441, 4445, 4449, 4453, 4454, 4455, 4713, 4721, 4222]"
5455,\xd0c877b474cd51959931a7f70d7a6c60f50cdae7,[2631]
5457,\x491be76b1b212ecd63ec80fcb315b4b6c397674f,"[4553, 4652]"
5458,\x70580ea14d98a53fd59376dc7e959f4a6129bb9b,[4012]
5463,\x243d84f6ff73cce185d883b24bbadb74f950de31,"[4341, 4339, 4509]"
5469,\x5b098b00621eda6a96b7a476220661ad265f083f,"[4096, 4485, 4488, 4376, 4128, 4388, 4261, 4911, 2996, 2744, 4039, 3923, 4566, 2649, 4317, 2653, 4318, 4320, 4193, 3173, 4072, 4460, 3821, 4461, 3443, 4083, 4088, 4474, 4862]"
5472,\x6a22c7f8e8cc0327d0429b810d176050572ac1d4,[3393]
5474,\xc1e42f862d202b4a0ed552c1145735ee088f6ccf,"[4352, 4481, 4517, 4490, 4522, 4523, 4528]"
5478,\xfb60bbae6896fc36b1db29e1a0dacaf21aa96fa5,"[3589, 3590, 3561, 3594, 3595, 3596, 3597, 3598]"
5491,\x727fb80e6ab480c1cd34d55a63fce6395df7c642,[4475]
5499,\x629cd43eaf443e66a9a69ed246728e1001289eac,"[4473, 4700, 4358, 4759]"
5502,\x624394c3e8699980162fa15e23fdb707d9a53517,"[4521, 4334, 4559, 4243, 4724, 4343]"
5504,\x670d7542947f0dd01342d5b3cdbe2b818f8908ea,"[2692, 3343]"
5512,\xf65e164f07e0196ba9ee97f3eaebdbd7ade3b885,[4866]
5524,\x89585cae5e9ae138cbfd7775ea6d4796ae76373d,"[4840, 4785, 4805, 4807]"
5529,\x62fe397d401d8e6335d70d4e66aa65f4f017d633,[3492]
5530,\x4b6942dedcb01ffdaa168523cd77cdc6cb8f3028,[3625]
5531,\x31f02e88bd6110723e767af9e7186e61fc9e88f8,"[4513, 3706, 3830]"
5533,\x50c946cb9757d6de490099c0ec185a0dfe29974b,"[4781, 4782]"
5562,\x25dd159bb80ca4216a2693ca0394672e4600578f,"[4384, 4387, 4077, 4382, 4383]"
5567,\x7a37a180b143bf8b9b3875c0dcdbc6bca5b0050f,"[4800, 4790]"
5572,\x963eb0638a2fe075269b4e83f886e89d855ea4a8,[3480]
5578,\x106ac341e36e9ea5e6f5a439e194bbfd99c3db64,[2746]
5605,\xa7d68854ad6177dcd2195ffe5530f390bbc08bfa,[3307]
5623,\x1aff1e0f1d5f76f92145a278d8c31af9ade783dd,"[3456, 3426, 3267, 4803, 4422, 4936, 4861, 3322, 4939, 3118, 4880, 3473, 4144, 3610, 3611, 3613]"
5633,\x49f065332e67eb88d885eaf0f353ad2be6bb6b51,"[3753, 3647]"
5641,\x51357b0e4933fccda5b21e648678ce4d89e153e3,"[3808, 3809, 3586, 4227, 4706, 4390, 4266, 4299, 3985, 4727, 3806, 3807]"
5647,\xb4c40c87f222199591835cc8d593d73b880b213e,[3705]
5663,\x0b018224fc0a9bcc1a62288051b4fb9dc8a8804e,"[2808, 2731]"
5702,\xfaf95953a36ed1e8f8426ab5b7eb53da246e3476,[4712]
5703,\x3d826e692d336578bd4e1a4b7ba57aca8668c79f,"[4896, 4894, 4895]"
5704,\x99a59403394242e369db51dc8dd4f0cb495f716e,[2508]
5706,\xba61c517fbc7c8572cea9f881dde2051e409f7c2,[3494]
5731,\x8321795bdace7428d4fadfa30c2ee8e727e491e5,"[3050, 4028, 4726]"
5733,\x1dc5eefe2d20d1ab0db794a4236df147c0f60921,"[4640, 4704, 4902, 4486, 4810, 4846, 4474, 4529, 4722, 4563, 4691, 4533, 4438, 4729, 4570]"
5738,\xe4f0ac3a707b5f9c9605e82f5353cde0c36607a3,"[4901, 4870, 4783, 4823, 4795, 4796]"
5750,\x5f7190b7943858b7bdd24f069241612091c6a986,"[4352, 4130, 4675, 3455, 4619, 4110, 3438, 3440, 3058, 4500, 3062, 3256, 3257, 4059, 4447]"
5758,\x1b7646d9739e71e038ab0ff6cf564113e2bd48ad,"[2730, 2708]"
5759,\x4899410edb37063d39fc66e1e6f1025c12df5ebe,[4047]
5764,\xcbdde85d7db1628d77580a58d19207c388940a37,"[4696, 4859, 4716, 4717]"
5769,\x2bcbbdc3926b670f46732b9a314230b5ea144568,[3204]
5783,\x7bd721a4fd682e2eebdfa658f3ec9efc141d8eff,"[4883, 3700]"
5797,\xb71cd2a879c8d887ea8d75155ff51116178641c0,"[4607, 4621, 4562, 4659, 4629, 4543]"
5799,\xd8bcd6bb2d41a5f47947d23220f56fd69a944af0,[2960]
5802,\x3499ee5c0b3cfe381340d5839d0d8a74ea452a7f,[4745]
5806,\xec6d36a487d85cf562b7b8464ce8dc60637362ac,"[3936, 3457, 3298, 3812, 3816, 3402, 3280, 3379, 3797, 3416, 3417, 3387, 3929, 3805, 3967]"
5829,\x97b052c9a4e8705c067ce0c197833bbd496f2612,[3570]
5830,\x22c5722d2eea5b4de2d03f1166528a9295e2b3b5,[3766]
5837,\x517fe802827c5dd6782ce51ace849edfc3e158ec,[4905]
5840,\x677b4353c38bd7d8ccc4205a59142715f92d6dc3,"[2732, 2573]"
5848,\xe12e1f8f3a1dff0d804e4c37783a5cb729548a85,"[2849, 2850]"
5849,\x380336041fed6d3de0c0a1f5079668760cd64779,[4834]
5857,\xc76df8a6cbf7858213bae55829283172f4643c72,"[3233, 4042, 3275, 3223, 3227]"
5872,\x5eb97f858dd7c8d3e94bef58a654d8e0bbbefe34,[4697]
5878,\xcf6a521e36fa31219ee5769826663eca7775eb6a,"[3210, 3461]"
5880,\x0713a6c6fd18b2c7e687c4b6f5c4dd941c4c3bc0,"[2945, 3082, 3083, 2973, 2981, 2984, 4668, 3901, 3006, 4415, 3007, 3140, 4679, 3017, 4683, 3917, 4431, 4433, 4689, 4186, 4834, 4842, 4203, 4852, 2937, 2940, 2943]"
5890,\x1da5331994e781ab0e2af9f85bfce2037a514170,"[4251, 4148, 4469]"
5900,\x3f3fb579b751c29780c91221dd3021d42616cb1d,[4368]
