tx_id,date_time,from,to,eth_price,punk_id,punk_skin_tone,punk_skin_tone_color
15412,2022-01-01 02:01:14,2450,1464,64.0,2524,Medium,#DB9065
15413,2022-01-01 03:01:24,94,1303,63.69,8922,Dark,#A4031F
15414,2022-01-01 04:01:47,4077,2880,72.0,9197,Medium,#DB9065
15415,2022-01-01 06:01:36,1303,3707,62.5,8922,Dark,#A4031F
15416,2022-01-01 07:01:36,3862,2511,67.99,9351,Light,#F2A359
15417,2022-01-01 12:01:56,69,3352,69.8,3616,Dark,#A4031F
15418,2022-01-01 14:01:12,3159,3352,65.94,6967,Dark,#A4031F
15419,2022-01-01 14:01:13,1086,3352,68.74,8240,Dark,#A4031F
15420,2022-01-01 15:01:03,5648,3199,65.5,4930,Light,#F2A359
15421,2022-01-01 15:01:03,3226,3199,64.64,1927,Dark,#A4031F
15422,2022-01-01 15:01:03,3159,3199,66.88,2907,Dark,#A4031F
15423,2022-01-01 15:01:35,3707,3199,67.94,8922,Dark,#A4031F
15424,2022-01-01 15:01:42,1705,3199,68.89,8285,Dark,#A4031F
15425,2022-01-01 15:01:42,4054,3199,68.0,7672,Light,#F2A359
15426,2022-01-01 15:01:42,3093,3199,68.75,7564,Dark,#A4031F
15427,2022-01-01 15:01:58,262,3093,69.0,1454,Light,#F2A359
15428,2022-01-01 17:01:56,3093,2493,69.45,9345,Light,#F2A359
15429,2022-01-01 19:01:38,3995,276,77.77,962,Light,#F2A359
15430,2022-01-02 01:01:03,2962,4663,219.0,4770,Medium,#DB9065
15431,2022-01-02 02:01:21,372,1099,66.7,5198,Dark,#A4031F
15432,2022-01-02 02:01:55,3995,5572,75.8,9453,Albino,#F2DC5D
15433,2022-01-02 03:01:17,3199,958,0.0,4930,Light,#F2A359
15434,2022-01-02 03:01:17,3199,958,0.0,1927,Dark,#A4031F
15435,2022-01-02 03:01:52,3199,958,0.0,8922,Dark,#A4031F
15436,2022-01-02 05:01:58,3995,5154,71.45,555,Dark,#A4031F
15437,2022-01-02 15:01:49,3199,958,0.0,4933,Medium,#DB9065
15438,2022-01-02 20:01:25,3627,3023,145.0,445,Dark,#A4031F
15439,2022-01-02 21:01:56,1059,4272,95.0,1636,Dark,#A4031F
15440,2022-01-02 22:01:17,3093,3338,67.95,9384,Medium,#DB9065
15441,2022-01-03 01:01:53,3974,3222,109.9,7239,Light,#F2A359
15442,2022-01-03 01:01:59,4856,3222,77.77,2551,Light,#F2A359
15443,2022-01-03 02:01:48,3309,4841,79.8,6219,Albino,#F2DC5D
15444,2022-01-03 03:01:49,1058,2922,69.99,636,Medium,#DB9065
15445,2022-01-03 10:01:03,3040,4131,89.95,3245,Dark,#A4031F
15446,2022-01-03 16:01:17,3199,958,0.0,2907,Dark,#A4031F
15447,2022-01-03 20:01:02,1436,3040,149.0,5841,Light,#F2A359
15448,2022-01-04 05:01:40,5698,3222,67.69,4186,Dark,#A4031F
15449,2022-01-04 14:01:23,3199,958,0.0,7672,Light,#F2A359
15450,2022-01-04 15:01:54,3533,3707,68.0,5126,Dark,#A4031F
15451,2022-01-04 22:01:09,3093,4089,66.45,7672,Light,#F2A359
15452,2022-01-05 12:01:41,3199,958,0.0,8054,Medium,#DB9065
15453,2022-01-05 14:01:21,1464,331,64.99,2524,Medium,#DB9065
15454,2022-01-05 19:01:31,262,3093,62.9,9247,Light,#F2A359
15455,2022-01-05 20:01:18,5687,3093,68.0,1580,Dark,#A4031F
15456,2022-01-05 20:01:58,1219,5640,63.0,4036,Medium,#DB9065
15457,2022-01-05 22:01:26,1058,958,0.0,1194,Dark,#A4031F
15458,2022-01-05 23:01:54,864,1212,62.0,3326,Dark,#A4031F
15459,2022-01-06 07:01:17,4338,958,0.0,3874,Light,#F2A359
15460,2022-01-06 10:01:32,914,4999,62.5,6831,Light,#F2A359
15461,2022-01-06 17:01:08,1527,1932,81.0,7472,Medium,#DB9065
15462,2022-01-06 18:01:58,331,5071,62.4,2524,Medium,#DB9065
15463,2022-01-06 23:01:03,678,845,900.0,2681,Non-human,#8DFFCD
15464,2022-01-06 23:01:31,664,5268,60.0,441,Dark,#A4031F
15465,2022-01-06 23:01:48,809,3083,0.0,6925,Medium,#DB9065
15466,2022-01-06 23:01:48,3083,958,0.0,6925,Medium,#DB9065
15467,2022-01-07 00:01:26,3199,958,0.0,8285,Dark,#A4031F
15468,2022-01-07 06:01:22,3093,5547,59.95,5210,Dark,#A4031F
15469,2022-01-07 07:01:27,5558,3093,89.0,7910,Medium,#DB9065
15470,2022-01-07 07:01:34,80,3384,64.0,5183,Dark,#A4031F
15471,2022-01-07 08:01:21,4083,714,67.0,1426,Albino,#F2DC5D
15472,2022-01-07 11:01:23,5721,3699,65.0,6083,Dark,#A4031F
15473,2022-01-07 16:01:41,523,1236,67.67,4664,Albino,#F2DC5D
15474,2022-01-07 18:01:03,3093,1625,65.0,6925,Medium,#DB9065
15475,2022-01-07 22:01:55,892,2114,66.0,3311,Dark,#A4031F
15476,2022-01-08 03:01:32,3199,3093,63.0,1915,Light,#F2A359
15477,2022-01-08 03:01:51,3199,3093,63.0,1482,Dark,#A4031F
15478,2022-01-08 05:01:46,699,4777,63.0,8653,Medium,#DB9065
15479,2022-01-08 07:01:19,664,2787,61.0,1676,Medium,#DB9065
15480,2022-01-08 14:01:31,2597,2177,65.5,6363,Albino,#F2DC5D
15481,2022-01-08 15:01:03,3040,2576,79.95,2689,Light,#F2A359
15482,2022-01-08 20:01:03,3093,3282,60.95,4085,Dark,#A4031F
15483,2022-01-08 20:01:35,3199,4721,63.0,7564,Dark,#A4031F
15484,2022-01-09 16:01:11,3083,958,0.0,2457,Medium,#DB9065
15485,2022-01-09 16:01:11,1685,3083,0.0,2457,Medium,#DB9065
15486,2022-01-09 20:01:40,1685,3083,0.0,6069,Medium,#DB9065
15487,2022-01-09 20:01:40,3083,958,0.0,6069,Medium,#DB9065
15488,2022-01-09 23:01:51,4828,1836,80.0,9208,Light,#F2A359
15489,2022-01-10 05:01:09,144,3093,60.0,3836,Dark,#A4031F
15490,2022-01-10 14:01:10,1058,1496,89.99,9842,Light,#F2A359
15491,2022-01-10 14:01:44,5348,313,74.0,4556,Light,#F2A359
15492,2022-01-10 16:01:16,3040,1736,79.95,6349,Light,#F2A359
15493,2022-01-10 16:01:33,1107,3093,60.0,7271,Light,#F2A359
15494,2022-01-10 17:01:04,4083,3023,62.0,7890,Dark,#A4031F
15495,2022-01-10 17:01:56,3228,3093,115.0,4795,Light,#F2A359
15496,2022-01-10 18:01:04,4777,530,60.0,8653,Medium,#DB9065
15497,2022-01-10 20:01:49,1664,2349,64.0,2627,Medium,#DB9065
15498,2022-01-11 03:01:29,714,3622,73.9,8636,Medium,#DB9065
15499,2022-01-11 03:01:48,1713,1739,99.0,6314,Albino,#F2DC5D
15500,2022-01-11 05:01:55,3040,3524,69.95,5455,Dark,#A4031F
15501,2022-01-11 07:01:21,438,4966,63.97,6558,Light,#F2A359
15502,2022-01-11 19:01:06,5717,875,63.63,3993,Albino,#F2DC5D
15503,2022-01-11 23:01:04,2397,5037,65.0,6050,Light,#F2A359
15504,2022-01-12 14:01:22,2440,3093,60.0,3080,Light,#F2A359
15505,2022-01-12 16:01:07,3680,5685,79.9,6928,Albino,#F2DC5D
15506,2022-01-12 17:01:15,3226,3760,66.66,9504,Dark,#A4031F
15507,2022-01-12 17:01:58,3040,3229,82.95,4965,Albino,#F2DC5D
15508,2022-01-12 20:01:33,3093,130,59.69,1482,Dark,#A4031F
15509,2022-01-12 21:01:08,3093,130,60.95,1915,Light,#F2A359
15510,2022-01-12 23:01:47,438,2734,62.97,2354,Dark,#A4031F
15511,2022-01-13 17:01:00,1664,3093,68.88,9056,Light,#F2A359
15512,2022-01-14 09:01:16,2099,580,67.95,5231,Light,#F2A359
15513,2022-01-14 15:01:50,3093,2244,63.95,3874,Light,#F2A359
15514,2022-01-14 16:01:55,1630,130,59.9,1139,Medium,#DB9065
15515,2022-01-14 20:01:27,3205,1111,61.99,3193,Medium,#DB9065
15516,2022-01-14 23:01:43,3040,4499,67.95,3080,Light,#F2A359
15517,2022-01-15 00:01:22,5268,3093,59.95,441,Dark,#A4031F
15518,2022-01-15 00:01:39,3093,4499,61.95,7969,Dark,#A4031F
15519,2022-01-15 04:01:39,130,3899,62.5,1482,Dark,#A4031F
15520,2022-01-15 13:01:28,1744,1550,74.0,5151,Medium,#DB9065
15521,2022-01-15 16:01:15,1738,3083,0.0,1594,Light,#F2A359
15522,2022-01-15 16:01:15,3083,958,0.0,1594,Light,#F2A359
15523,2022-01-15 17:01:53,3595,3926,68.0,3722,Light,#F2A359
15524,2022-01-15 20:01:22,3536,633,64.5,3716,Dark,#A4031F
15525,2022-01-15 20:01:37,3669,2097,74.99,6806,Dark,#A4031F
15526,2022-01-16 00:01:23,753,3088,69.69,8743,Medium,#DB9065
15527,2022-01-16 01:01:23,3536,4472,63.99,2124,Dark,#A4031F
15528,2022-01-16 02:01:29,1622,1550,68.5,8762,Light,#F2A359
15529,2022-01-17 01:01:54,1738,3093,61.0,6424,Medium,#DB9065
15530,2022-01-17 11:01:21,2030,5235,83.9,4124,Albino,#F2DC5D
15531,2022-01-17 13:01:11,5520,3093,60.0,3392,Dark,#A4031F
15532,2022-01-17 15:01:14,3093,958,0.0,441,Dark,#A4031F
15533,2022-01-18 01:01:44,4885,5159,66.0,3346,Medium,#DB9065
15534,2022-01-18 17:01:55,1664,5144,95.99,6356,Light,#F2A359
15535,2022-01-18 19:01:40,5102,2614,73.5,8756,Light,#F2A359
15536,2022-01-18 20:01:39,3862,3018,79.99,6196,Light,#F2A359
15537,2022-01-18 21:01:09,1058,1368,65.99,8335,Medium,#DB9065
15538,2022-01-18 21:01:26,3926,830,73.0,3722,Light,#F2A359
15539,2022-01-19 00:01:39,130,728,60.99,1139,Medium,#DB9065
15540,2022-01-19 04:01:09,3040,1585,94.95,6138,Light,#F2A359
15541,2022-01-19 11:01:39,130,3414,60.0,1915,Light,#F2A359
15542,2022-01-19 13:01:26,925,855,63.9,1546,Light,#F2A359
15543,2022-01-19 17:01:02,3025,648,62.0,4151,Medium,#DB9065
15544,2022-01-19 17:01:05,3409,3093,59.5,2522,Dark,#A4031F
15545,2022-01-19 17:01:23,1058,3282,60.49,1830,Dark,#A4031F
15546,2022-01-19 17:01:45,3093,3409,63.5,9855,Dark,#A4031F
15547,2022-01-19 18:01:39,1705,671,77.0,1794,Albino,#F2DC5D
15548,2022-01-19 19:01:48,1058,4819,62.49,2989,Dark,#A4031F
15549,2022-01-19 21:01:41,3093,3125,61.3,2522,Dark,#A4031F
15550,2022-01-20 01:01:16,3093,5844,64.95,1594,Light,#F2A359
15551,2022-01-20 03:01:25,2547,3093,80.0,8998,Light,#F2A359
15552,2022-01-20 09:01:52,141,4502,96.96,385,Medium,#DB9065
15553,2022-01-20 13:01:36,298,3610,62.0,5380,Dark,#A4031F
15554,2022-01-20 13:01:36,3093,3610,61.95,6641,Light,#F2A359
15555,2022-01-20 17:01:00,664,3401,62.5,9266,Dark,#A4031F
15556,2022-01-20 18:01:38,3578,3926,62.88,9603,Dark,#A4031F
15557,2022-01-20 19:01:22,4856,205,68.98,7085,Dark,#A4031F
15558,2022-01-20 19:01:40,3040,1188,67.95,2498,Dark,#A4031F
15559,2022-01-20 19:01:57,357,1642,84.99,5197,Light,#F2A359
15560,2022-01-20 20:01:05,3040,3348,72.95,2347,Medium,#DB9065
15561,2022-01-20 20:01:10,438,2287,64.97,2150,Dark,#A4031F
15562,2022-01-20 20:01:45,3353,1388,71.17,1991,Dark,#A4031F
15563,2022-01-20 22:01:03,925,728,63.9,9608,Dark,#A4031F
15564,2022-01-20 22:01:04,5058,798,68.27,6603,Dark,#A4031F
15565,2022-01-20 22:01:55,664,3093,62.5,548,Dark,#A4031F
15566,2022-01-20 23:01:18,624,3680,99.0,8471,Albino,#F2DC5D
15567,2022-01-20 23:01:39,4117,3093,112.0,457,Light,#F2A359
15568,2022-01-20 23:01:59,523,2658,65.9,7877,Albino,#F2DC5D
15569,2022-01-21 01:01:45,3961,5820,82.0,9718,Albino,#F2DC5D
15570,2022-01-21 03:01:12,4021,3093,63.49,5940,Light,#F2A359
15571,2022-01-21 06:01:18,3040,3629,71.95,3248,Medium,#DB9065
15572,2022-01-21 08:01:57,4021,3023,63.49,3484,Medium,#DB9065
15573,2022-01-21 14:01:36,3862,463,99.99,6875,Dark,#A4031F
15574,2022-01-21 15:01:16,3376,3093,59.9,1502,Light,#F2A359
15575,2022-01-21 18:01:52,3707,3023,63.89,5126,Dark,#A4031F
15576,2022-01-21 20:01:07,3040,2287,81.5,3392,Dark,#A4031F
15577,2022-01-21 20:01:24,2287,3093,62.5,2150,Dark,#A4031F
15578,2022-01-21 22:01:42,3384,3610,64.0,983,Medium,#DB9065
15579,2022-01-21 22:01:42,3093,3610,63.95,7758,Dark,#A4031F
15580,2022-01-21 22:01:42,4986,3610,64.0,6560,Dark,#A4031F
15581,2022-01-22 01:01:50,4856,438,63.55,5766,Albino,#F2DC5D
15582,2022-01-22 02:01:32,1969,5070,64.0,9713,Light,#F2A359
15583,2022-01-22 04:01:15,3040,4893,69.95,1281,Dark,#A4031F
15584,2022-01-22 06:01:15,3040,2576,76.95,1580,Dark,#A4031F
15585,2022-01-22 07:01:01,4703,1705,70.0,7818,Medium,#DB9065
15586,2022-01-22 07:01:02,3040,2505,77.5,6283,Medium,#DB9065
15587,2022-01-22 13:01:09,4591,2658,87.5,5224,Dark,#A4031F
15588,2022-01-22 15:01:28,2175,2193,64.94,7184,Dark,#A4031F
15589,2022-01-22 16:01:19,4620,2030,72.0,1817,Albino,#F2DC5D
15590,2022-01-22 16:01:47,3093,130,64.95,2150,Dark,#A4031F
15591,2022-01-22 16:01:47,3093,4820,65.95,9828,Dark,#A4031F
15592,2022-01-22 17:01:26,3093,4372,65.3,548,Dark,#A4031F
15593,2022-01-22 18:01:42,1058,4015,66.49,5063,Dark,#A4031F
15594,2022-01-22 19:01:45,1790,4022,0.0,197,Dark,#A4031F
15595,2022-01-22 19:01:45,4022,958,0.0,197,Dark,#A4031F
15596,2022-01-22 22:01:30,5575,2844,66.69,7484,Dark,#A4031F
15597,2022-01-22 22:01:53,438,4820,68.88,5358,Medium,#DB9065
15598,2022-01-22 23:01:07,1924,3093,71.3566,3938,Light,#F2A359
15599,2022-01-22 23:01:19,2524,5736,69.0,4162,Light,#F2A359
15600,2022-01-22 23:01:20,1086,5404,74.99,8204,Medium,#DB9065
15601,2022-01-22 23:01:25,3040,1913,89.95,5543,Medium,#DB9065
15602,2022-01-22 23:01:54,2030,4820,80.9,1781,Light,#F2A359
15603,2022-01-23 00:01:22,3601,2454,75.0,7998,Medium,#DB9065
15604,2022-01-23 00:01:34,263,1482,90.0,496,Medium,#DB9065
15605,2022-01-23 01:01:36,211,4344,88.5,8131,Medium,#DB9065
15606,2022-01-23 01:01:41,1664,3093,95.95,8551,Light,#F2A359
15607,2022-01-23 04:01:39,1058,2536,75.99,7729,Albino,#F2DC5D
15608,2022-01-23 07:01:24,3040,2766,100.0,8551,Light,#F2A359
15609,2022-01-23 09:01:45,3093,2056,69.95,9146,Light,#F2A359
15610,2022-01-23 11:01:37,5644,3525,70.0,2679,Medium,#DB9065
15611,2022-01-23 13:01:27,3040,3339,84.95,1770,Dark,#A4031F
15612,2022-01-23 13:01:31,3029,3093,125.0,8392,Light,#F2A359
15613,2022-01-23 13:01:41,5898,523,67.02,4416,Medium,#DB9065
15614,2022-01-23 13:01:52,5898,616,67.0,2222,Dark,#A4031F
15615,2022-01-23 17:01:01,1446,5812,68.4,6956,Dark,#A4031F
15616,2022-01-23 17:01:10,1664,5508,72.0,3635,Medium,#DB9065
15617,2022-01-23 17:01:26,3226,3093,69.99,7823,Medium,#DB9065
15618,2022-01-23 17:01:45,1664,3023,66.66,5043,Light,#F2A359
15619,2022-01-23 18:01:06,1058,4190,74.99,3484,Medium,#DB9065
15620,2022-01-23 18:01:14,3933,1544,75.0,9509,Light,#F2A359
15621,2022-01-23 18:01:56,523,2351,69.94,4416,Medium,#DB9065
15622,2022-01-23 19:01:22,1705,3546,79.94,7818,Medium,#DB9065
15623,2022-01-23 19:01:31,3546,432,80.0,8913,Medium,#DB9065
15624,2022-01-23 19:01:43,1058,2030,94.99,3223,Albino,#F2DC5D
15625,2022-01-23 20:01:17,3040,530,74.95,3938,Light,#F2A359
15626,2022-01-23 20:01:27,3933,839,70.0,4616,Medium,#DB9065
15627,2022-01-23 21:01:26,3786,3093,71.0,5840,Dark,#A4031F
15628,2022-01-23 21:01:28,5503,4337,80.0,4679,Albino,#F2DC5D
15629,2022-01-24 00:01:38,3029,902,95.0,8461,Medium,#DB9065
15630,2022-01-24 03:01:42,1575,5891,71.69,2222,Dark,#A4031F
15631,2022-01-24 05:01:45,1916,4853,99.0,1180,Medium,#DB9065
15632,2022-01-24 06:01:43,1560,2671,104.0,8547,Light,#F2A359
15633,2022-01-24 11:01:58,4986,3093,72.0,6585,Albino,#F2DC5D
15634,2022-01-24 15:01:15,2030,1080,100.0,3223,Albino,#F2DC5D
15635,2022-01-24 15:01:34,4703,5510,70.88,6550,Medium,#DB9065
15636,2022-01-24 16:01:48,130,2437,67.5,2150,Dark,#A4031F
15637,2022-01-24 19:01:40,4123,4022,0.0,3897,Medium,#DB9065
15638,2022-01-24 19:01:40,4022,958,0.0,3897,Medium,#DB9065
15639,2022-01-24 19:01:42,3040,3223,81.95,1502,Light,#F2A359
15640,2022-01-24 20:01:52,3093,4700,72.95,5879,Albino,#F2DC5D
15641,2022-01-24 23:01:51,2670,4499,75.0,6863,Light,#F2A359
15642,2022-01-24 23:01:57,3093,4499,72.95,5940,Light,#F2A359
15643,2022-01-25 00:01:39,4022,958,0.0,548,Dark,#A4031F
15644,2022-01-25 00:01:39,2494,4022,0.0,548,Dark,#A4031F
15645,2022-01-25 01:01:05,504,3023,68.0,2898,Dark,#A4031F
15646,2022-01-25 01:01:40,3093,130,68.88,1776,Albino,#F2DC5D
15647,2022-01-25 01:01:42,1086,1103,80.0,5363,Light,#F2A359
15648,2022-01-25 05:01:28,3093,464,71.95,2457,Medium,#DB9065
15649,2022-01-25 07:01:07,3093,4049,72.95,5840,Dark,#A4031F
15650,2022-01-25 07:01:17,1058,896,68.99,5043,Light,#F2A359
15651,2022-01-25 07:01:30,5508,4850,76.0,1834,Medium,#DB9065
15652,2022-01-25 07:01:31,3093,896,73.95,4299,Medium,#DB9065
15653,2022-01-25 07:01:56,2351,523,69.0,4416,Medium,#DB9065
15654,2022-01-25 08:01:06,3040,2161,79.95,1319,Dark,#A4031F
15655,2022-01-25 09:01:30,3226,5376,69.69,7214,Albino,#F2DC5D
15656,2022-01-25 09:01:46,1058,3254,89.99,9537,Albino,#F2DC5D
15657,2022-01-25 09:01:56,3231,523,74.65,5067,Dark,#A4031F
15658,2022-01-25 10:01:11,4325,3610,71.94,2210,Light,#F2A359
15659,2022-01-25 10:01:11,3093,3610,71.95,3470,Dark,#A4031F
15660,2022-01-25 10:01:22,1664,3664,69.69,8167,Medium,#DB9065
15661,2022-01-25 10:01:23,24,3610,72.0,7857,Dark,#A4031F
15662,2022-01-25 10:01:23,5389,3610,72.0,2686,Medium,#DB9065
15663,2022-01-25 10:01:24,76,3610,70.0,6718,Dark,#A4031F
15664,2022-01-25 10:01:35,3696,3610,69.0,5723,Dark,#A4031F
15665,2022-01-25 10:01:35,5717,3610,69.0,3950,Dark,#A4031F
15666,2022-01-25 10:01:44,1058,3610,71.99,3842,Albino,#F2DC5D
15667,2022-01-25 10:01:44,130,3610,72.0,1776,Albino,#F2DC5D
15668,2022-01-25 10:01:49,523,3610,71.65,4416,Medium,#DB9065
15669,2022-01-25 10:01:58,5224,3610,72.0,9857,Medium,#DB9065
15670,2022-01-25 11:01:42,4093,1358,80.0,2200,Dark,#A4031F
15671,2022-01-25 12:01:01,357,3479,75.99,6828,Medium,#DB9065
15672,2022-01-25 12:01:05,5440,3093,73.0,1029,Dark,#A4031F
15673,2022-01-25 12:01:05,3040,805,77.95,6424,Medium,#DB9065
15674,2022-01-25 12:01:06,325,3093,90.0,8068,Dark,#A4031F
15675,2022-01-25 12:01:06,1058,3093,74.99,2898,Dark,#A4031F
15676,2022-01-25 12:01:12,5717,252,76.76,5265,Light,#F2A359
15677,2022-01-25 12:01:12,3040,5446,109.95,7307,Light,#F2A359
15678,2022-01-25 12:01:16,3880,252,74.0,9313,Medium,#DB9065
15679,2022-01-25 12:01:20,2600,2342,79.5,9337,Medium,#DB9065
15680,2022-01-25 12:01:21,3093,3290,73.95,3836,Dark,#A4031F
15681,2022-01-25 12:01:24,2399,4110,76.0,5741,Light,#F2A359
15682,2022-01-25 12:01:25,3995,4919,75.0,695,Medium,#DB9065
15683,2022-01-25 12:01:26,3862,252,72.99,5790,Medium,#DB9065
15684,2022-01-25 12:01:26,3093,523,74.95,7823,Medium,#DB9065
15685,2022-01-25 12:01:28,3926,3093,73.5,9603,Dark,#A4031F
15686,2022-01-25 12:01:28,1443,3093,75.0,6712,Medium,#DB9065
15687,2022-01-25 12:01:30,3226,1798,102.69,5214,Albino,#F2DC5D
15688,2022-01-25 12:01:35,3627,523,79.0,8643,Dark,#A4031F
15689,2022-01-25 12:01:36,2030,523,74.06,7824,Dark,#A4031F
15690,2022-01-25 12:01:37,3995,4296,74.87,700,Dark,#A4031F
15691,2022-01-25 12:01:44,3479,252,74.95,7056,Dark,#A4031F
15692,2022-01-25 12:01:46,2030,252,73.17,7044,Dark,#A4031F
15693,2022-01-25 12:01:50,1058,523,74.99,5126,Dark,#A4031F
15694,2022-01-25 12:01:54,3040,2092,73.95,1454,Light,#F2A359
15695,2022-01-25 12:01:54,3093,3786,75.95,8285,Dark,#A4031F
15696,2022-01-25 13:01:07,3909,4337,85.0,8334,Albino,#F2DC5D
15697,2022-01-25 13:01:16,3040,3205,89.95,9056,Light,#F2A359
15698,2022-01-25 13:01:21,3040,2030,74.95,9247,Light,#F2A359
15699,2022-01-25 13:01:31,1960,4078,74.98,6620,Dark,#A4031F
15700,2022-01-25 13:01:53,5356,2881,76.69,4454,Light,#F2A359
15701,2022-01-25 13:01:58,4893,4296,79.0,1281,Dark,#A4031F
15702,2022-01-25 14:01:12,753,4258,88.0,2981,Medium,#DB9065
15703,2022-01-25 14:01:13,1443,3093,75.0,898,Dark,#A4031F
15704,2022-01-25 14:01:13,458,3093,75.0,6259,Light,#F2A359
15705,2022-01-25 14:01:13,4732,3093,80.0,7147,Albino,#F2DC5D
15706,2022-01-25 14:01:16,5224,2536,85.0,6370,Albino,#F2DC5D
15707,2022-01-25 14:01:17,3707,4090,89.99,4893,Dark,#A4031F
15708,2022-01-25 14:01:19,263,130,77.0,718,Medium,#DB9065
15709,2022-01-25 14:01:25,586,5838,87.45,7368,Medium,#DB9065
15710,2022-01-25 14:01:26,2659,3093,85.0,3980,Light,#F2A359
15711,2022-01-25 14:01:27,76,2706,99.0,8723,Medium,#DB9065
15712,2022-01-25 14:01:32,3040,3007,77.95,2376,Medium,#DB9065
15713,2022-01-25 14:01:50,4856,3093,84.0,2531,Dark,#A4031F
15714,2022-01-25 14:01:51,2493,3093,76.69,9345,Light,#F2A359
15715,2022-01-25 14:01:57,3040,2030,89.95,1556,Dark,#A4031F
15716,2022-01-25 15:01:03,2412,3093,76.5,5959,Dark,#A4031F
15717,2022-01-25 15:01:32,3093,4101,79.95,9603,Dark,#A4031F
15718,2022-01-25 15:01:47,3093,958,0.0,5254,Dark,#A4031F
15719,2022-01-25 15:01:49,3040,4565,94.0,3980,Light,#F2A359
15720,2022-01-25 15:01:53,4568,3093,80.0,3001,Dark,#A4031F
15721,2022-01-25 16:01:08,3760,4354,76.61,8560,Dark,#A4031F
15722,2022-01-25 16:01:09,2687,3093,108.88,1439,Medium,#DB9065
15723,2022-01-25 16:01:09,3040,4354,89.95,2531,Dark,#A4031F
15724,2022-01-25 16:01:22,130,418,97.0,1446,Dark,#A4031F
15725,2022-01-25 16:01:43,2328,3485,86.49,4460,Medium,#DB9065
15726,2022-01-25 16:01:50,4671,896,90.5,704,Medium,#DB9065
15727,2022-01-25 17:01:04,2979,3093,73.0,3922,Dark,#A4031F
15728,2022-01-25 17:01:12,4083,3093,99.0,7683,Light,#F2A359
15729,2022-01-25 17:01:26,3040,2344,84.95,7147,Albino,#F2DC5D
15730,2022-01-25 17:01:27,393,5616,125.0,2534,Dark,#A4031F
15731,2022-01-25 17:01:28,4002,3093,98.88,8953,Light,#F2A359
15732,2022-01-25 17:01:47,3040,130,79.95,6712,Medium,#DB9065
15733,2022-01-25 18:01:13,3093,2881,77.9,6259,Light,#F2A359
15734,2022-01-25 18:01:30,3226,3093,99.99,9112,Light,#F2A359
15735,2022-01-25 18:01:36,5717,2439,81.11,4286,Medium,#DB9065
15736,2022-01-25 18:01:42,1568,958,0.0,9519,Dark,#A4031F
15737,2022-01-25 18:01:42,1568,958,0.0,1072,Light,#F2A359
15738,2022-01-25 18:01:42,1568,958,0.0,7345,Dark,#A4031F
15739,2022-01-25 18:01:42,1568,958,0.0,9924,Light,#F2A359
15740,2022-01-25 18:01:42,1568,958,0.0,9228,Dark,#A4031F
15741,2022-01-25 18:01:42,1568,958,0.0,3118,Medium,#DB9065
15742,2022-01-25 18:01:42,1568,958,0.0,1109,Dark,#A4031F
15743,2022-01-25 18:01:42,1568,958,0.0,8494,Medium,#DB9065
15744,2022-01-25 18:01:42,1568,958,0.0,5881,Albino,#F2DC5D
15745,2022-01-25 18:01:42,1568,958,0.0,5516,Dark,#A4031F
15746,2022-01-25 18:01:42,1362,1568,0.0,3118,Medium,#DB9065
15747,2022-01-25 18:01:42,1362,1568,0.0,5516,Dark,#A4031F
15748,2022-01-25 18:01:42,1362,1568,0.0,8494,Medium,#DB9065
15749,2022-01-25 18:01:42,1362,1568,0.0,7345,Dark,#A4031F
15750,2022-01-25 18:01:42,1362,1568,0.0,9519,Dark,#A4031F
15751,2022-01-25 18:01:42,1362,1568,0.0,9228,Dark,#A4031F
15752,2022-01-25 18:01:42,1362,1568,0.0,1109,Dark,#A4031F
15753,2022-01-25 18:01:42,1362,1568,0.0,1072,Light,#F2A359
15754,2022-01-25 18:01:42,1362,1568,0.0,5881,Albino,#F2DC5D
15755,2022-01-25 18:01:42,1362,1568,0.0,9924,Light,#F2A359
15756,2022-01-25 18:01:56,648,3093,76.51,4151,Medium,#DB9065
15757,2022-01-25 19:01:04,263,3699,105.0,418,Dark,#A4031F
15758,2022-01-25 19:01:17,3093,958,0.0,4151,Medium,#DB9065
15759,2022-01-25 19:01:39,3995,1978,84.77,753,Albino,#F2DC5D
15760,2022-01-25 19:01:57,2791,3670,94.0,6443,Albino,#F2DC5D
15761,2022-01-25 20:01:14,3093,2990,86.95,3897,Medium,#DB9065
15762,2022-01-25 20:01:22,3040,60,94.95,5103,Dark,#A4031F
15763,2022-01-25 21:01:14,1709,4758,88.0,1102,Light,#F2A359
15764,2022-01-25 21:01:26,960,3093,77.0,1803,Dark,#A4031F
15765,2022-01-25 21:01:41,5352,3093,81.0,3051,Light,#F2A359
15766,2022-01-25 21:01:46,3093,5849,79.95,9345,Light,#F2A359
15767,2022-01-25 21:01:50,1800,4083,92.25,4263,Albino,#F2DC5D
15768,2022-01-25 23:01:06,2036,3093,79.45,2348,Medium,#DB9065
15769,2022-01-25 23:01:52,3093,2036,86.95,8494,Medium,#DB9065
15770,2022-01-26 00:01:15,130,2926,83.99,718,Medium,#DB9065
15771,2022-01-26 00:01:18,1659,130,80.0,6601,Dark,#A4031F
15772,2022-01-26 01:01:26,779,1028,80.2,9103,Medium,#DB9065
15773,2022-01-26 01:01:56,3093,965,79.5,3922,Dark,#A4031F
15774,2022-01-26 03:01:04,3093,779,80.95,2348,Medium,#DB9065
15775,2022-01-26 03:01:15,2568,2999,99.99,7260,Dark,#A4031F
15776,2022-01-26 03:01:30,1555,3093,100.0,2609,Albino,#F2DC5D
15777,2022-01-26 04:01:21,1711,5881,82.0,8949,Dark,#A4031F
15778,2022-01-26 05:01:30,2030,4671,82.9,9247,Light,#F2A359
15779,2022-01-26 05:01:34,3415,3093,78.0,7304,Dark,#A4031F
15780,2022-01-26 05:01:42,3093,958,0.0,7304,Dark,#A4031F
15781,2022-01-26 05:01:43,3093,762,81.95,6069,Medium,#DB9065
15782,2022-01-26 06:01:06,146,3093,77.95,927,Dark,#A4031F
15783,2022-01-26 06:01:23,5224,3093,78.0,4430,Albino,#F2DC5D
15784,2022-01-26 06:01:45,2030,5121,95.9,1556,Dark,#A4031F
15785,2022-01-26 06:01:54,523,4671,82.74,7824,Dark,#A4031F
15786,2022-01-26 07:01:04,3093,958,0.0,927,Dark,#A4031F
15787,2022-01-26 10:01:54,1488,5077,85.0,2215,Light,#F2A359
15788,2022-01-26 12:01:17,263,1373,83.0,325,Dark,#A4031F
15789,2022-01-26 13:01:10,3338,2030,84.0,9384,Medium,#DB9065
15790,2022-01-26 13:01:21,523,2769,84.87,7823,Medium,#DB9065
15791,2022-01-26 13:01:22,3311,3023,79.5,4197,Medium,#DB9065
15792,2022-01-26 13:01:35,523,2030,84.91,5126,Dark,#A4031F
15793,2022-01-26 13:01:42,3040,2769,374.95,7656,Light,#F2A359
15794,2022-01-26 14:01:19,3706,4062,250.0,3049,Light,#F2A359
15795,2022-01-26 15:01:08,4451,2217,120.0,1836,Light,#F2A359
15796,2022-01-26 15:01:34,974,3093,95.88,9508,Light,#F2A359
15797,2022-01-26 15:01:38,3093,958,0.0,4430,Albino,#F2DC5D
15798,2022-01-26 18:01:30,3829,58,89.75,8902,Medium,#DB9065
15799,2022-01-26 20:01:10,1058,845,84.99,7890,Dark,#A4031F
15800,2022-01-26 20:01:27,242,2515,450.0,3783,Dark,#A4031F
15801,2022-01-26 21:01:38,175,3093,79.0,9266,Dark,#A4031F
15802,2022-01-26 21:01:45,1671,1575,86.69,300,Light,#F2A359
15803,2022-01-26 21:01:46,3093,175,84.0,7254,Medium,#DB9065
15804,2022-01-26 22:01:08,3899,3093,79.9,1482,Dark,#A4031F
15805,2022-01-27 03:01:56,2979,3093,77.0,9656,Dark,#A4031F
15806,2022-01-27 04:01:01,138,130,93.0,7611,Medium,#DB9065
15807,2022-01-27 05:01:13,3040,5677,102.95,9508,Light,#F2A359
15808,2022-01-27 06:01:10,4275,1669,95.0,6022,Dark,#A4031F
15809,2022-01-27 12:01:56,3601,642,85.0,6405,Medium,#DB9065
15810,2022-01-27 13:01:41,4671,387,89.4,9247,Light,#F2A359
15811,2022-01-27 16:01:14,5215,818,81.69,1767,Medium,#DB9065
15812,2022-01-27 16:01:26,438,5598,83.97,5766,Albino,#F2DC5D
15813,2022-01-27 21:01:36,5523,3093,80.0,2417,Light,#F2A359
15814,2022-01-27 22:01:29,216,1549,99.0,6000,Light,#F2A359
15815,2022-01-27 23:01:25,4757,5690,97.5,9356,Light,#F2A359
15816,2022-01-28 00:01:23,3093,1374,86.95,1072,Light,#F2A359
15817,2022-01-28 01:01:43,130,3009,84.94,6712,Medium,#DB9065
15818,2022-01-28 02:01:51,1196,5690,93.0,9651,Light,#F2A359
15819,2022-01-28 03:01:00,287,856,88.5,2028,Medium,#DB9065
15820,2022-01-28 03:01:12,2030,1130,85.21,6293,Light,#F2A359
15821,2022-01-28 04:01:14,1058,130,84.99,4197,Medium,#DB9065
15822,2022-01-28 05:01:03,3226,3670,88.88,8323,Light,#F2A359
15823,2022-01-28 05:01:14,3040,130,109.95,9112,Light,#F2A359
15824,2022-01-28 05:01:24,5313,130,86.0,8653,Medium,#DB9065
15825,2022-01-28 06:01:18,2030,130,125.0,3015,Medium,#DB9065
15826,2022-01-28 10:01:44,3040,2998,149.95,457,Light,#F2A359
15827,2022-01-28 13:01:59,438,130,84.94,8591,Medium,#DB9065
15828,2022-01-28 14:01:48,5215,659,79.77,7070,Albino,#F2DC5D
15829,2022-01-28 15:01:26,1488,3093,80.0,7970,Light,#F2A359
15830,2022-01-28 15:01:26,3152,3093,80.0,9958,Medium,#DB9065
15831,2022-01-28 15:01:26,1488,3093,80.0,7626,Dark,#A4031F
15832,2022-01-28 15:01:26,1488,3093,80.0,4443,Dark,#A4031F
15833,2022-01-28 15:01:57,3093,5418,79.95,898,Dark,#A4031F
15834,2022-01-28 16:01:00,3093,3073,84.95,5228,Light,#F2A359
15835,2022-01-28 16:01:02,523,47,87.95,9068,Dark,#A4031F
15836,2022-01-28 16:01:07,2881,3093,81.5,4454,Light,#F2A359
15837,2022-01-28 16:01:08,5281,5313,81.0,8944,Dark,#A4031F
15838,2022-01-28 16:01:18,3093,3205,81.5,9266,Dark,#A4031F
15839,2022-01-28 16:01:20,2881,438,81.5,6259,Light,#F2A359
15840,2022-01-28 16:01:36,3975,4671,87.95,1857,Light,#F2A359
15841,2022-01-28 16:01:39,2379,3862,83.33,4798,Dark,#A4031F
15842,2022-01-28 16:01:40,130,3093,89.9,2099,Albino,#F2DC5D
15843,2022-01-28 16:01:46,5717,5849,88.0,8121,Albino,#F2DC5D
15844,2022-01-28 16:01:47,4732,2490,82.0,5044,Medium,#DB9065
15845,2022-01-28 16:01:47,3093,2030,84.95,3051,Light,#F2A359
15846,2022-01-28 16:01:51,523,5059,84.84,5067,Dark,#A4031F
15847,2022-01-28 16:01:55,736,3205,86.0,3812,Light,#F2A359
15848,2022-01-28 16:01:59,3293,80,81.0,9066,Dark,#A4031F
15849,2022-01-28 17:01:39,920,3093,140.0,5444,Medium,#DB9065
15850,2022-01-28 18:01:04,4186,3023,85.0,6031,Medium,#DB9065
15851,2022-01-28 18:01:27,1488,1839,85.0,9533,Dark,#A4031F
15852,2022-01-28 19:01:26,3381,3023,90.0,973,Dark,#A4031F
15853,2022-01-28 21:01:18,2030,4077,88.9,9384,Medium,#DB9065
15854,2022-01-28 21:01:48,2144,4354,88.0,3708,Light,#F2A359
15855,2022-01-28 22:01:09,3381,3093,100.0,913,Dark,#A4031F
15856,2022-01-28 23:01:08,1058,556,99.99,9467,Light,#F2A359
15857,2022-01-28 23:01:20,1000,2325,100.0,8437,Medium,#DB9065
15858,2022-01-28 23:01:54,76,5729,90.0,3825,Light,#F2A359
15859,2022-01-29 00:01:13,3172,3023,87.0,5150,Light,#F2A359
15860,2022-01-29 00:01:24,2030,4732,130.13,3871,Medium,#DB9065
15861,2022-01-29 02:01:24,839,130,87.95,4616,Medium,#DB9065
15862,2022-01-29 09:01:41,942,3023,82.5,7913,Medium,#DB9065
15863,2022-01-29 12:01:40,818,2341,83.76,1767,Medium,#DB9065
15864,2022-01-29 14:01:40,130,4940,84.7,6601,Dark,#A4031F
15865,2022-01-29 15:01:23,130,3093,85.5,4197,Medium,#DB9065
15866,2022-01-29 16:01:09,130,2854,130.0,6502,Albino,#F2DC5D
15867,2022-01-29 16:01:15,1379,130,84.9,1561,Dark,#A4031F
15868,2022-01-29 17:01:27,3040,1549,109.95,2417,Light,#F2A359
15869,2022-01-29 21:01:26,3040,3455,109.95,913,Dark,#A4031F
15870,2022-01-29 21:01:55,4191,5418,85.0,5866,Dark,#A4031F
15871,2022-01-29 22:01:53,3093,2076,84.95,5959,Dark,#A4031F
15872,2022-01-30 01:01:34,3231,1390,141.0,7956,Albino,#F2DC5D
15873,2022-01-30 04:01:11,3760,2005,144.88,7386,Light,#F2A359
15874,2022-01-30 04:01:26,3093,958,0.0,7626,Dark,#A4031F
15875,2022-01-30 04:01:39,640,130,83.0,7454,Dark,#A4031F
15876,2022-01-30 06:01:33,3260,3023,138.0,3263,Medium,#DB9065
15877,2022-01-30 17:01:52,2240,3093,84.95,9689,Light,#F2A359
15878,2022-01-30 18:01:32,2584,4062,1180.0,7121,Non-human,#8DFFCD
15879,2022-01-30 18:01:57,4361,3670,87.99,5212,Medium,#DB9065
15880,2022-01-30 21:01:04,3003,2851,89.9,1828,Light,#F2A359
15881,2022-01-30 23:01:14,896,3040,80.5,4299,Medium,#DB9065
15882,2022-01-30 23:01:54,896,3040,77.0,5043,Light,#F2A359
15883,2022-01-31 04:01:01,80,2851,83.75,9066,Dark,#A4031F
15884,2022-01-31 04:01:33,1409,2193,79.0,9022,Light,#F2A359
15885,2022-01-31 04:01:49,1058,793,87.99,5150,Light,#F2A359
15886,2022-01-31 07:01:12,4022,958,0.0,7246,Medium,#DB9065
15887,2022-01-31 07:01:12,1989,4022,0.0,7246,Medium,#DB9065
15888,2022-01-31 09:01:54,157,4667,113.0,8407,Light,#F2A359
15889,2022-01-31 11:01:18,5566,467,82.88,3238,Dark,#A4031F
15890,2022-01-31 13:01:19,4972,313,88.87,7204,Dark,#A4031F
15891,2022-01-31 15:01:15,4083,3093,90.0,4557,Dark,#A4031F
15892,2022-01-31 15:01:25,3040,2851,83.95,4454,Light,#F2A359
15893,2022-01-31 15:01:25,130,2851,83.0,7454,Dark,#A4031F
15894,2022-01-31 15:01:25,3093,2851,81.69,9656,Dark,#A4031F
15895,2022-01-31 15:01:25,3788,2851,83.0,7650,Light,#F2A359
15896,2022-01-31 15:01:25,2546,2851,81.75,3802,Dark,#A4031F
15897,2022-01-31 15:01:25,130,2851,86.0,8653,Medium,#DB9065
15898,2022-01-31 15:01:25,130,2851,85.95,8591,Medium,#DB9065
15899,2022-01-31 15:01:25,5717,2851,85.0,8034,Medium,#DB9065
15900,2022-01-31 15:01:25,4671,2851,85.9,7824,Dark,#A4031F
15901,2022-01-31 15:01:25,3093,2851,85.95,4197,Medium,#DB9065
15902,2022-01-31 15:01:25,2240,2851,83.95,9990,Albino,#F2DC5D
15903,2022-01-31 15:01:25,4622,2851,84.0,9828,Dark,#A4031F
15904,2022-01-31 15:01:25,3093,2851,84.49,1029,Dark,#A4031F
15905,2022-01-31 15:01:25,3093,2851,79.95,5043,Light,#F2A359
15906,2022-01-31 15:01:25,130,2851,84.9,1561,Dark,#A4031F
15907,2022-01-31 15:01:25,438,2851,84.94,6259,Light,#F2A359
15908,2022-01-31 15:01:25,3525,2851,85.0,2679,Medium,#DB9065
15909,2022-01-31 15:01:25,1839,2851,85.9,9533,Dark,#A4031F
15910,2022-01-31 15:01:25,2439,2851,84.84,4286,Medium,#DB9065
15911,2022-01-31 15:01:38,4661,3093,95.0,4524,Albino,#F2DC5D
15912,2022-01-31 15:01:53,4110,4972,87.0,5741,Light,#F2A359
15913,2022-01-31 17:01:23,1058,464,89.99,6031,Medium,#DB9065
15914,2022-01-31 17:01:34,80,952,315.0,4551,Medium,#DB9065
15915,2022-01-31 18:01:30,3093,3344,87.95,7246,Medium,#DB9065
15916,2022-01-31 19:01:19,3866,3093,94.0,9863,Dark,#A4031F
15917,2022-01-31 19:01:23,1477,631,138.88,814,Medium,#DB9065
15918,2022-01-31 19:01:37,3093,958,0.0,7970,Light,#F2A359
15919,2022-01-31 19:01:39,130,2382,128.95,9112,Light,#F2A359
15920,2022-01-31 19:01:52,1388,3394,91.0,1991,Dark,#A4031F
15921,2022-01-31 20:01:04,4688,3093,92.49,3752,Dark,#A4031F
15922,2022-01-31 20:01:11,3040,309,89.95,9689,Light,#F2A359
15923,2022-01-31 21:01:15,3040,4502,99.95,9572,Dark,#A4031F
15924,2022-01-31 21:01:40,1005,4321,89.0,2108,Medium,#DB9065
15925,2022-02-01 03:02:16,2198,3093,80.0,6974,Dark,#A4031F
15926,2022-02-01 03:02:53,130,3093,82.5,2397,Dark,#A4031F
15927,2022-02-01 04:02:31,3231,1736,98.95,6729,Medium,#DB9065
15928,2022-02-01 04:02:48,988,130,84.0,5831,Dark,#A4031F
15929,2022-02-01 06:02:09,3040,2989,99.95,4524,Albino,#F2DC5D
15930,2022-02-01 06:02:30,3381,3007,88.0,996,Light,#F2A359
15931,2022-02-01 08:02:36,3391,3093,90.0,8333,Medium,#DB9065
15932,2022-02-01 13:02:49,3040,1801,94.95,4557,Dark,#A4031F
15933,2022-02-01 17:02:45,5102,3093,100.0,2111,Light,#F2A359
15934,2022-02-01 18:02:58,1575,3093,87.0,300,Light,#F2A359
15935,2022-02-01 19:02:53,3964,3093,84.96,5517,Medium,#DB9065
15936,2022-02-01 22:02:18,1058,1864,94.99,973,Dark,#A4031F
15937,2022-02-01 22:02:51,523,4428,92.0,4690,Medium,#DB9065
15938,2022-02-02 04:02:16,1086,4612,93.0,8088,Dark,#A4031F
15939,2022-02-02 05:02:01,5158,1839,88.0,3579,Light,#F2A359
15940,2022-02-02 15:02:16,4881,3093,76.0,5619,Dark,#A4031F
15941,2022-02-02 17:02:23,141,642,149.95,8420,Medium,#DB9065
15942,2022-02-02 17:02:39,3093,3610,78.0,2397,Dark,#A4031F
15943,2022-02-02 17:02:39,3093,3610,78.0,4443,Dark,#A4031F
15944,2022-02-02 17:02:39,3061,3610,79.0,4014,Dark,#A4031F
15945,2022-02-02 17:02:39,3093,3610,78.0,1803,Dark,#A4031F
15946,2022-02-02 17:02:39,3093,3610,78.0,9958,Medium,#DB9065
15947,2022-02-02 19:02:09,245,3093,77.0,7463,Medium,#DB9065
15948,2022-02-02 20:02:16,3348,3093,75.0,2347,Medium,#DB9065
15949,2022-02-02 20:02:38,4022,958,0.0,4496,Medium,#DB9065
15950,2022-02-02 20:02:38,739,4022,0.0,4496,Medium,#DB9065
15951,2022-02-02 20:02:58,4622,80,75.0,5358,Medium,#DB9065
15952,2022-02-02 21:02:39,3061,4022,0.0,2040,Dark,#A4031F
15953,2022-02-02 21:02:39,4022,958,0.0,2040,Dark,#A4031F
15954,2022-02-02 22:02:13,5483,2208,210.0,7535,Albino,#F2DC5D
15955,2022-02-02 23:02:29,4318,1978,246.49,2311,Light,#F2A359
15956,2022-02-03 02:02:49,5235,2944,88.0,4124,Albino,#F2DC5D
15957,2022-02-03 03:02:09,3219,4022,0.0,2647,Medium,#DB9065
15958,2022-02-03 03:02:09,4022,958,0.0,2647,Medium,#DB9065
15959,2022-02-03 11:02:21,4622,2378,82.5,1781,Light,#F2A359
15960,2022-02-03 13:02:39,5404,5272,76.69,8204,Medium,#DB9065
15961,2022-02-03 14:02:12,4090,4022,0.0,1473,Dark,#A4031F
15962,2022-02-03 14:02:12,4022,958,0.0,1473,Dark,#A4031F
15963,2022-02-03 19:02:55,4410,10,83.95,1912,Light,#F2A359
15964,2022-02-03 19:02:56,5568,3093,65.0,9972,Light,#F2A359
15965,2022-02-03 20:02:37,176,3807,77.0,4722,Medium,#DB9065
15966,2022-02-03 22:02:59,1839,1417,90.0,3579,Light,#F2A359
15967,2022-02-04 03:02:12,2252,458,75.0,6608,Albino,#F2DC5D
15968,2022-02-04 03:02:12,3862,4001,70.99,4798,Dark,#A4031F
15969,2022-02-04 05:02:58,3231,3093,79.95,7294,Medium,#DB9065
15970,2022-02-04 06:02:06,947,5575,109.0,4593,Albino,#F2DC5D
15971,2022-02-04 07:02:57,3093,5256,66.95,5619,Dark,#A4031F
15972,2022-02-04 13:02:18,798,130,70.0,6603,Dark,#A4031F
15973,2022-02-04 22:02:05,1568,958,0.0,4279,Light,#F2A359
15974,2022-02-04 22:02:05,4952,1568,0.0,4279,Light,#F2A359
15975,2022-02-05 01:02:41,325,2697,125.0,3293,Medium,#DB9065
15976,2022-02-05 09:02:59,3093,1317,66.5,1482,Dark,#A4031F
15977,2022-02-05 10:02:04,3759,2175,65.32,6861,Light,#F2A359
15978,2022-02-05 12:02:24,5313,5362,69.0,8944,Dark,#A4031F
15979,2022-02-05 16:02:31,3093,4354,68.95,7345,Dark,#A4031F
15980,2022-02-05 18:02:01,5372,3093,71.99,5209,Medium,#DB9065
15981,2022-02-05 18:02:02,1746,4022,0.0,1414,Light,#F2A359
15982,2022-02-05 18:02:02,4022,958,0.0,1414,Light,#F2A359
15983,2022-02-05 18:02:13,3093,2037,70.95,9000,Dark,#A4031F
15984,2022-02-05 23:02:08,3093,130,69.95,2647,Medium,#DB9065
15985,2022-02-05 23:02:22,130,5801,75.5,3380,Albino,#F2DC5D
15986,2022-02-06 02:02:49,3040,4354,109.95,1439,Medium,#DB9065
15987,2022-02-06 03:02:23,3661,3023,70.0,3906,Light,#F2A359
15988,2022-02-06 03:02:46,1415,3093,77.69,1677,Medium,#DB9065
15989,2022-02-06 04:02:43,5311,3093,71.0,1045,Albino,#F2DC5D
15990,2022-02-06 05:02:42,1468,3093,77.0,3406,Medium,#DB9065
15991,2022-02-06 16:02:54,1058,2087,77.99,5954,Medium,#DB9065
15992,2022-02-06 19:02:58,3306,4624,80.5,5463,Light,#F2A359
15993,2022-02-07 02:02:31,482,3093,60.79,5337,Light,#F2A359
15994,2022-02-07 02:02:52,1409,2644,68.0,4797,Light,#F2A359
15995,2022-02-07 03:02:55,1929,1819,73.5,4391,Dark,#A4031F
15996,2022-02-07 04:02:14,1317,3912,74.5,1482,Dark,#A4031F
15997,2022-02-07 04:02:24,5441,3556,74.69,6524,Medium,#DB9065
15998,2022-02-07 12:02:32,3231,3003,88.95,9385,Dark,#A4031F
15999,2022-02-07 12:02:45,1550,4133,70.0,8762,Light,#F2A359
16000,2022-02-07 14:02:41,1058,4341,114.99,8407,Light,#F2A359
16001,2022-02-07 14:02:58,3040,3034,104.95,2160,Dark,#A4031F
16002,2022-02-07 15:02:36,470,845,93.0,3497,Medium,#DB9065
16003,2022-02-07 16:02:06,504,3093,68.0,1764,Light,#F2A359
16004,2022-02-07 20:02:28,3093,3975,69.0,5337,Light,#F2A359
16005,2022-02-07 20:02:44,3975,3093,93.0,7865,Albino,#F2DC5D
16006,2022-02-08 01:02:51,3040,5504,81.95,2347,Medium,#DB9065
16007,2022-02-08 03:02:03,1248,2005,99.0,8013,Medium,#DB9065
16008,2022-02-08 03:02:54,4919,2005,76.4,695,Medium,#DB9065
16009,2022-02-08 16:02:50,3093,3770,68.95,2724,Medium,#DB9065
16010,2022-02-08 17:02:27,3044,3093,69.0,9562,Light,#F2A359
16011,2022-02-08 19:02:07,80,4940,74.0,5994,Dark,#A4031F
16012,2022-02-08 19:02:08,5481,3093,75.0,1836,Light,#F2A359
16013,2022-02-08 20:02:59,4501,3490,100.0,3988,Light,#F2A359
16014,2022-02-09 01:02:51,5277,3093,60.0,4164,Albino,#F2DC5D
16015,2022-02-09 01:02:54,5277,3093,60.0,8381,Medium,#DB9065
16016,2022-02-09 02:02:17,3093,3331,67.45,4299,Medium,#DB9065
16017,2022-02-09 02:02:42,3093,2631,66.46,2898,Dark,#A4031F
16018,2022-02-09 03:02:23,2435,2917,2501.0,5577,Non-human,#8DFFCD
16019,2022-02-09 05:02:51,325,850,90.0,9709,Light,#F2A359
16020,2022-02-09 06:02:55,3473,5641,110.0,1745,Medium,#DB9065
16021,2022-02-09 10:02:46,2677,3305,239.99,9344,Light,#F2A359
16022,2022-02-09 13:02:02,3093,2225,72.95,3001,Dark,#A4031F
16023,2022-02-09 20:02:34,767,3093,60.0,6133,Medium,#DB9065
16024,2022-02-10 13:02:01,1942,5227,72.0,1912,Light,#F2A359
16025,2022-02-10 14:02:07,3040,5227,79.95,1677,Medium,#DB9065
16026,2022-02-10 14:02:28,3040,5227,84.95,3406,Medium,#DB9065
16027,2022-02-10 18:02:19,130,1877,67.45,2647,Medium,#DB9065
16028,2022-02-11 00:02:08,5760,2924,0.0,2659,Medium,#DB9065
16029,2022-02-11 00:02:15,3073,1246,64.99,5228,Light,#F2A359
16030,2022-02-11 00:02:32,672,3093,66.0,6047,Light,#F2A359
16031,2022-02-11 01:02:03,2198,3093,90.0,6227,Medium,#DB9065
16032,2022-02-11 09:02:27,850,2865,74.94,203,Light,#F2A359
16033,2022-02-11 11:02:18,679,3280,71.99,3966,Medium,#DB9065
16034,2022-02-11 15:02:06,493,5802,69.0,2222,Dark,#A4031F
16035,2022-02-11 21:02:06,5717,2211,66.66,4192,Dark,#A4031F
16036,2022-02-12 14:02:13,1855,4419,63.0,2632,Albino,#F2DC5D
16037,2022-02-12 18:02:27,3040,3907,72.95,2568,Light,#F2A359
16038,2022-02-12 20:02:27,318,3093,65.0,5962,Dark,#A4031F
16039,2022-02-12 20:02:31,3985,3510,66.98,6265,Medium,#DB9065
16040,2022-02-12 20:02:36,2314,5909,8000.0,5822,Non-human,#8DFFCD
16041,2022-02-12 21:02:27,12,3278,85.0,871,Medium,#DB9065
16042,2022-02-12 21:02:32,3490,3297,69.5,9910,Dark,#A4031F
16043,2022-02-12 22:02:04,2056,3724,69.96,9146,Light,#F2A359
16044,2022-02-12 22:02:30,4671,845,83.5,1857,Light,#F2A359
16045,2022-02-12 22:02:32,1058,1729,119.99,8392,Light,#F2A359
16046,2022-02-12 23:02:32,3093,2030,109.0,5246,Light,#F2A359
16047,2022-02-12 23:02:32,3093,2030,88.0,1836,Light,#F2A359
16048,2022-02-13 00:02:15,1028,5554,68.5,9103,Medium,#DB9065
16049,2022-02-13 01:02:06,3093,4967,76.95,1764,Light,#F2A359
16050,2022-02-13 02:02:18,3093,2371,74.95,7463,Medium,#DB9065
16051,2022-02-13 02:02:19,3093,4967,73.95,300,Light,#F2A359
16052,2022-02-13 02:02:19,5121,3093,85.0,1556,Dark,#A4031F
16053,2022-02-13 02:02:46,988,4967,74.0,2058,Medium,#DB9065
16054,2022-02-13 03:02:10,2030,4967,109.0,5246,Light,#F2A359
16055,2022-02-13 03:02:15,80,3093,69.5,1430,Dark,#A4031F
16056,2022-02-13 03:02:48,3093,762,76.95,1045,Albino,#F2DC5D
16057,2022-02-13 04:02:30,3310,2576,71.0,4360,Dark,#A4031F
16058,2022-02-13 04:02:54,2244,4361,70.0,3874,Light,#F2A359
16059,2022-02-13 05:02:08,5905,5802,70.0,2158,Light,#F2A359
16060,2022-02-13 08:02:19,438,3963,71.97,9967,Light,#F2A359
16061,2022-02-13 10:02:23,2049,3093,72.5,434,Albino,#F2DC5D
16062,2022-02-13 13:02:28,5280,3390,75.0,4426,Light,#F2A359
16063,2022-02-13 16:02:21,3093,3225,72.95,8381,Medium,#DB9065
16064,2022-02-13 18:02:23,2253,4077,122.0,3841,Medium,#DB9065
16065,2022-02-13 19:02:10,1762,130,71.99,1275,Dark,#A4031F
16066,2022-02-13 19:02:36,4083,4967,140.0,7895,Medium,#DB9065
16067,2022-02-13 19:02:37,3510,971,71.0,6265,Medium,#DB9065
16068,2022-02-13 19:02:50,1419,3093,73.0,6790,Medium,#DB9065
16069,2022-02-14 09:02:53,3093,726,104.95,6227,Medium,#DB9065
16070,2022-02-14 11:02:17,1397,438,72.5,9469,Medium,#DB9065
16071,2022-02-14 12:02:08,2631,3093,75.0,2898,Dark,#A4031F
16072,2022-02-14 21:02:09,494,4238,124.0,5037,Light,#F2A359
16073,2022-02-15 18:02:10,2951,4671,90.0,1721,Medium,#DB9065
16074,2022-02-15 22:02:08,1346,1883,95.0,5241,Light,#F2A359
16075,2022-02-16 21:02:17,438,2734,76.48,9469,Medium,#DB9065
16076,2022-02-17 05:02:26,1058,1940,84.99,7913,Medium,#DB9065
16077,2022-02-17 14:02:22,4960,2876,69.4,1734,Medium,#DB9065
16078,2022-02-18 00:02:31,3093,1821,67.95,1430,Dark,#A4031F
16079,2022-02-18 04:02:59,3862,2008,68.49,7029,Dark,#A4031F
16080,2022-02-18 21:02:14,3862,857,72.99,7271,Light,#F2A359
16081,2022-02-18 23:02:48,5903,4422,75.0,8061,Dark,#A4031F
16082,2022-02-19 09:02:49,5491,3907,71.0,3695,Light,#F2A359
16083,2022-02-19 10:02:29,3172,2576,98.0,9124,Dark,#A4031F
16084,2022-02-19 17:02:37,5717,4238,125.0,3979,Light,#F2A359
16085,2022-02-20 04:02:19,5123,4816,68.25,8956,Light,#F2A359
16086,2022-02-20 06:02:55,5575,4682,120.0,6795,Light,#F2A359
16087,2022-02-20 07:02:43,475,1614,65.0,8586,Dark,#A4031F
16088,2022-02-20 21:02:35,1019,4244,70.9,8266,Medium,#DB9065
16089,2022-02-20 21:02:58,1056,3093,90.0,6537,Medium,#DB9065
16090,2022-02-21 00:02:21,2211,1754,80.0,4192,Dark,#A4031F
16091,2022-02-21 16:02:49,3040,1915,109.95,3491,Light,#F2A359
16092,2022-02-21 17:02:40,3040,1645,99.95,6537,Medium,#DB9065
16093,2022-02-21 19:02:50,2716,3093,60.0,7530,Medium,#DB9065
16094,2022-02-22 03:02:39,3040,3444,79.95,9562,Light,#F2A359
16095,2022-02-22 07:02:50,3032,2924,0.0,3314,Medium,#DB9065
16096,2022-02-22 08:02:10,631,2710,140.0,814,Medium,#DB9065
16097,2022-02-22 15:02:01,3040,1568,0.0,4778,Medium,#DB9065
16098,2022-02-22 15:02:01,1568,958,0.0,4778,Medium,#DB9065
16099,2022-02-22 21:02:28,1568,958,0.0,1482,Dark,#A4031F
16100,2022-02-22 21:02:28,3912,1568,0.0,1482,Dark,#A4031F
16101,2022-02-22 21:02:47,3093,3402,69.95,6790,Medium,#DB9065
16102,2022-02-23 03:02:56,3040,1508,74.95,5209,Medium,#DB9065
16103,2022-02-23 05:02:58,4856,2576,101.0,5335,Medium,#DB9065
16104,2022-02-23 15:02:07,5315,5324,88.0,5762,Medium,#DB9065
16105,2022-02-23 23:02:51,80,130,65.0,5358,Medium,#DB9065
16106,2022-02-24 01:02:52,1638,3093,59.0,7456,Dark,#A4031F
16107,2022-02-24 04:02:30,1185,921,67.75,7238,Light,#F2A359
16108,2022-02-24 09:02:19,4022,958,0.0,9910,Dark,#A4031F
16109,2022-02-24 09:02:19,5665,4022,0.0,9910,Dark,#A4031F
16110,2022-02-24 12:02:31,3699,2775,66.0,6083,Dark,#A4031F
16111,2022-02-24 17:02:32,2613,3093,57.5,531,Dark,#A4031F
16112,2022-02-24 17:02:37,4082,3093,80.0,7700,Medium,#DB9065
16113,2022-02-24 17:02:53,5094,5390,69.0,2785,Medium,#DB9065
16114,2022-02-24 19:02:53,3040,3444,79.95,7294,Medium,#DB9065
16115,2022-02-24 22:02:55,3093,2581,61.95,7456,Dark,#A4031F
16116,2022-02-24 23:02:04,4526,4422,75.0,5680,Dark,#A4031F
16117,2022-02-25 09:02:18,1962,5758,67.0,7505,Light,#F2A359
16118,2022-02-25 10:02:33,130,3308,132.0,9764,Dark,#A4031F
16119,2022-02-25 17:02:25,4039,3034,89.0,4378,Light,#F2A359
16120,2022-02-25 20:02:32,5678,3093,94.0,7637,Light,#F2A359
16121,2022-02-25 20:02:32,3205,1821,61.99,9266,Dark,#A4031F
16122,2022-02-25 23:02:17,5684,3562,66.0,3473,Dark,#A4031F
16123,2022-02-26 02:02:13,3156,4422,78.88,2333,Light,#F2A359
16124,2022-02-26 14:02:31,4526,5116,218.69,7501,Albino,#F2DC5D
16125,2022-02-26 15:02:09,4082,2588,90.0,6924,Medium,#DB9065
16126,2022-02-26 18:02:53,5488,1568,0.0,2286,Medium,#DB9065
16127,2022-02-26 18:02:53,1568,958,0.0,2286,Medium,#DB9065
16128,2022-02-26 21:02:22,3975,3093,67.0,5337,Light,#F2A359
16129,2022-02-26 22:02:36,3040,3975,74.95,6974,Dark,#A4031F
16130,2022-02-26 22:02:43,3377,2550,63.0,5395,Medium,#DB9065
16131,2022-02-27 12:02:35,3809,659,77.0,8723,Medium,#DB9065
16132,2022-02-27 14:02:18,1004,3093,110.0,7519,Medium,#DB9065
16133,2022-02-27 16:02:18,3040,3483,74.95,2099,Albino,#F2DC5D
16134,2022-02-27 20:02:09,2653,958,0.0,1011,Albino,#F2DC5D
16135,2022-02-27 20:02:09,3093,2653,61.95,1011,Albino,#F2DC5D
16136,2022-02-27 20:02:22,1364,869,73.0,4974,Medium,#DB9065
16137,2022-02-27 20:02:31,3040,2030,119.95,7637,Light,#F2A359
16138,2022-02-27 20:02:32,3093,5590,67.5,4777,Medium,#DB9065
16139,2022-02-27 20:02:35,1085,2653,64.88,4643,Medium,#DB9065
16140,2022-02-27 20:02:35,2653,958,0.0,4643,Medium,#DB9065
16141,2022-02-27 20:02:44,438,2581,64.87,7957,Light,#F2A359
16142,2022-02-27 20:02:44,3093,2581,64.69,531,Dark,#A4031F
16143,2022-02-27 20:02:44,5702,2581,63.44,9364,Dark,#A4031F
16144,2022-02-27 20:02:44,5354,2581,64.9,5766,Albino,#F2DC5D
16145,2022-02-27 20:02:44,1019,2581,64.9,1940,Dark,#A4031F
16146,2022-02-27 20:02:44,130,2581,65.5,5358,Medium,#DB9065
16147,2022-02-27 20:02:44,2490,2581,66.9,8470,Dark,#A4031F
16148,2022-02-27 20:02:44,438,2581,63.49,7897,Dark,#A4031F
16149,2022-02-27 20:02:44,3093,2581,68.89,5962,Dark,#A4031F
16150,2022-02-27 20:02:44,5284,2581,66.0,4406,Light,#F2A359
16151,2022-02-27 20:02:44,925,2581,68.9,1813,Dark,#A4031F
16152,2022-02-27 20:02:44,5590,2581,66.5,3512,Medium,#DB9065
16153,2022-02-27 20:02:46,5541,3093,63.0,8357,Light,#F2A359
16154,2022-02-27 20:02:49,2547,2030,66.66,2914,Albino,#F2DC5D
16155,2022-02-27 20:02:53,5094,3093,75.0,5155,Medium,#DB9065
16156,2022-02-27 21:02:51,4270,1568,0.0,4406,Light,#F2A359
16157,2022-02-27 21:02:51,1568,958,0.0,1940,Dark,#A4031F
16158,2022-02-27 21:02:51,1568,958,0.0,5358,Medium,#DB9065
16159,2022-02-27 21:02:51,1568,958,0.0,4406,Light,#F2A359
16160,2022-02-27 21:02:51,1568,958,0.0,7897,Dark,#A4031F
16161,2022-02-27 21:02:51,4270,1568,0.0,5358,Medium,#DB9065
16162,2022-02-27 21:02:51,4270,1568,0.0,7957,Light,#F2A359
16163,2022-02-27 21:02:51,1568,958,0.0,5962,Dark,#A4031F
16164,2022-02-27 21:02:51,1568,958,0.0,1813,Dark,#A4031F
16165,2022-02-27 21:02:51,4270,1568,0.0,7897,Dark,#A4031F
16166,2022-02-27 21:02:51,1568,958,0.0,5766,Albino,#F2DC5D
16167,2022-02-27 21:02:51,4270,1568,0.0,5766,Albino,#F2DC5D
16168,2022-02-27 21:02:51,1568,958,0.0,9364,Dark,#A4031F
16169,2022-02-27 21:02:51,4270,1568,0.0,1813,Dark,#A4031F
16170,2022-02-27 21:02:51,4270,1568,0.0,531,Dark,#A4031F
16171,2022-02-27 21:02:51,1568,958,0.0,7957,Light,#F2A359
16172,2022-02-27 21:02:51,4270,1568,0.0,3512,Medium,#DB9065
16173,2022-02-27 21:02:51,1568,958,0.0,3512,Medium,#DB9065
16174,2022-02-27 21:02:51,4270,1568,0.0,5962,Dark,#A4031F
16175,2022-02-27 21:02:51,1568,958,0.0,531,Dark,#A4031F
16176,2022-02-27 21:02:51,4270,1568,0.0,8470,Dark,#A4031F
16177,2022-02-27 21:02:51,4270,1568,0.0,1940,Dark,#A4031F
16178,2022-02-27 21:02:51,1568,958,0.0,8470,Dark,#A4031F
16179,2022-02-27 21:02:51,4270,1568,0.0,9364,Dark,#A4031F
16180,2022-02-27 22:02:00,5094,3093,70.0,1404,Light,#F2A359
16181,2022-02-27 22:02:24,3093,2117,68.69,8357,Light,#F2A359
16182,2022-02-27 22:02:35,4617,2349,77.0,5696,Light,#F2A359
16183,2022-02-28 00:02:10,2382,2403,134.0,9112,Light,#F2A359
16184,2022-02-28 02:02:04,4179,5183,115.0,7018,Medium,#DB9065
16185,2022-02-28 03:02:22,1860,130,90.0,1163,Light,#F2A359
16186,2022-02-28 05:02:58,3040,5568,74.95,9972,Light,#F2A359
16187,2022-02-28 06:02:12,3985,438,59.0,1859,Medium,#DB9065
16188,2022-02-28 10:02:03,4366,3093,67.5,5920,Albino,#F2DC5D
16189,2022-02-28 21:02:30,2967,3093,70.0,7250,Albino,#F2DC5D
16190,2022-03-01 05:03:19,762,1829,68.0,6069,Medium,#DB9065
16191,2022-03-01 06:03:06,1829,4230,0.0,6069,Medium,#DB9065
16192,2022-03-01 18:03:13,3093,4422,72.95,434,Albino,#F2DC5D
16193,2022-03-01 20:03:48,933,958,0.0,2233,Medium,#DB9065
16194,2022-03-01 20:03:49,5539,5354,74.89,6003,Dark,#A4031F
16195,2022-03-01 23:03:32,5094,528,73.5,7481,Light,#F2A359
16196,2022-03-02 02:03:01,5094,1871,70.0,9768,Dark,#A4031F
16197,2022-03-02 02:03:02,5094,1871,70.0,4182,Medium,#DB9065
16198,2022-03-02 02:03:04,3095,3093,75.0,7255,Light,#F2A359
16199,2022-03-02 02:03:11,2117,3087,68.5,5207,Dark,#A4031F
16200,2022-03-02 02:03:16,3093,1871,73.95,2898,Dark,#A4031F
16201,2022-03-02 02:03:20,4361,3093,69.89,3874,Light,#F2A359
16202,2022-03-02 02:03:26,438,1871,69.97,1859,Medium,#DB9065
16203,2022-03-02 02:03:33,130,1871,70.99,6603,Dark,#A4031F
16204,2022-03-02 02:03:47,2974,1871,70.0,4541,Dark,#A4031F
16205,2022-03-02 02:03:57,3786,1871,69.0,8285,Dark,#A4031F
16206,2022-03-02 23:03:00,556,3093,69.0,9467,Light,#F2A359
16207,2022-03-03 02:03:27,1019,3493,74.9,1867,Light,#F2A359
16208,2022-03-03 05:03:06,4325,1235,68.8,6169,Medium,#DB9065
16209,2022-03-03 05:03:22,3040,5164,79.95,5155,Medium,#DB9065
16210,2022-03-03 12:03:31,3181,3093,72.0,7279,Light,#F2A359
16211,2022-03-03 14:03:15,1939,872,69.8,6265,Medium,#DB9065
16212,2022-03-03 17:03:02,3093,4088,69.68,3874,Light,#F2A359
16213,2022-03-03 18:03:12,1568,958,0.0,5067,Dark,#A4031F
16214,2022-03-03 18:03:12,5059,1568,0.0,5067,Dark,#A4031F
16215,2022-03-04 07:03:57,4361,3651,74.89,9142,Dark,#A4031F
16216,2022-03-04 10:03:14,205,3470,72.0,7085,Dark,#A4031F
16217,2022-03-04 13:03:55,5376,4022,0.0,7214,Albino,#F2DC5D
16218,2022-03-04 13:03:55,4022,958,0.0,7214,Albino,#F2DC5D
16219,2022-03-04 16:03:31,4082,3493,85.0,8836,Medium,#DB9065
16220,2022-03-04 21:03:36,1905,3093,64.0,8492,Medium,#DB9065
16221,2022-03-05 01:03:05,687,3093,69.0,8956,Light,#F2A359
16222,2022-03-05 01:03:44,3093,687,69.0,8492,Medium,#DB9065
16223,2022-03-05 01:03:44,5537,2968,70.0,7551,Medium,#DB9065
16224,2022-03-06 06:03:38,869,3389,71.95,4974,Medium,#DB9065
16225,2022-03-07 16:03:47,2408,4022,0.0,4011,Dark,#A4031F
16226,2022-03-07 16:03:47,4022,958,0.0,4011,Dark,#A4031F
16227,2022-03-07 18:03:52,3040,2482,71.95,7531,Light,#F2A359
16228,2022-03-08 06:03:04,2507,2370,75.9,7998,Medium,#DB9065
16229,2022-03-08 06:03:17,205,1870,75.0,6353,Medium,#DB9065
16230,2022-03-08 06:03:25,130,1870,71.99,1275,Dark,#A4031F
16231,2022-03-08 07:03:01,430,958,0.0,322,Medium,#DB9065
16232,2022-03-08 07:03:01,430,958,0.0,7602,Medium,#DB9065
16233,2022-03-08 14:03:56,3040,2030,66.5,5517,Medium,#DB9065
16234,2022-03-08 20:03:25,3040,2349,81.95,322,Medium,#DB9065
16235,2022-03-09 03:03:01,5197,4063,100.0,4517,Medium,#DB9065
16236,2022-03-09 03:03:01,1135,1042,78.99,704,Medium,#DB9065
16237,2022-03-09 03:03:28,1019,4063,95.0,6983,Medium,#DB9065
16238,2022-03-09 03:03:44,3040,4063,94.95,5305,Light,#F2A359
16239,2022-03-09 06:03:03,3093,4842,66.68,5337,Light,#F2A359
16240,2022-03-09 06:03:09,2364,4780,66.4,1535,Dark,#A4031F
16241,2022-03-09 06:03:11,4022,958,0.0,7923,Dark,#A4031F
16242,2022-03-09 06:03:11,401,4022,0.0,7923,Dark,#A4031F
16243,2022-03-09 06:03:27,3061,4275,64.95,9817,Medium,#DB9065
16244,2022-03-09 07:03:42,1762,4361,65.42,3357,Medium,#DB9065
16245,2022-03-09 07:03:48,3536,3862,68.0,8597,Albino,#F2DC5D
16246,2022-03-09 07:03:59,2734,5879,65.0,2354,Dark,#A4031F
16247,2022-03-09 08:03:53,2676,5186,66.6,4252,Dark,#A4031F
16248,2022-03-09 10:03:56,3231,3290,105.95,6987,Medium,#DB9065
16249,2022-03-09 19:03:00,3093,145,73.95,7531,Light,#F2A359
16250,2022-03-09 19:03:02,815,3093,64.0,9014,Dark,#A4031F
16251,2022-03-09 19:03:48,3040,815,72.5,6022,Dark,#A4031F
16252,2022-03-10 00:03:43,4082,1208,80.0,5307,Dark,#A4031F
16253,2022-03-10 06:03:20,3093,4845,65.95,9014,Dark,#A4031F
16254,2022-03-10 13:03:15,2299,494,69.419994,7113,Light,#F2A359
16255,2022-03-10 15:03:54,1549,3926,69.99,6000,Light,#F2A359
16256,2022-03-10 21:03:33,3985,438,64.0,1184,Dark,#A4031F
16257,2022-03-11 03:03:18,3907,1343,72.5,3695,Light,#F2A359
16258,2022-03-11 03:03:45,4021,499,68.98,4720,Light,#F2A359
16259,2022-03-11 04:03:06,2513,5186,67.0,6572,Medium,#DB9065
16260,2022-03-11 04:03:57,1019,4845,66.5,1893,Medium,#DB9065
16261,2022-03-11 05:03:05,3040,3862,76.95,6058,Light,#F2A359
16262,2022-03-11 09:03:17,3402,2507,70.0,6790,Medium,#DB9065
16263,2022-03-11 14:03:53,2208,2999,69.0,7751,Light,#F2A359
16264,2022-03-11 18:03:06,1762,2371,69.42,9152,Light,#F2A359
16265,2022-03-11 23:03:00,5885,91,79.96,4373,Dark,#A4031F
16266,2022-03-11 23:03:00,5767,3093,75.0,8355,Albino,#F2DC5D
16267,2022-03-11 23:03:00,4721,5612,73.0,7564,Dark,#A4031F
16268,2022-03-11 23:03:00,3680,158,79.94,3845,Light,#F2A359
16269,2022-03-11 23:03:00,3591,2291,74.99,9891,Dark,#A4031F
16270,2022-03-11 23:03:01,3093,1543,79.95,5920,Albino,#F2DC5D
16271,2022-03-11 23:03:02,764,3546,72.0,7448,Medium,#DB9065
16272,2022-03-11 23:03:03,1400,798,70.0,489,Dark,#A4031F
16273,2022-03-11 23:03:03,1986,3127,96.69,553,Dark,#A4031F
16274,2022-03-11 23:03:03,4960,3093,69.43,1381,Dark,#A4031F
16275,2022-03-11 23:03:09,3859,957,75.0,2929,Medium,#DB9065
16276,2022-03-11 23:03:09,3211,4011,69.0,6750,Dark,#A4031F
16277,2022-03-11 23:03:10,4325,2999,69.7,5869,Medium,#DB9065
16278,2022-03-11 23:03:13,605,3093,70.0,4587,Dark,#A4031F
16279,2022-03-11 23:03:14,4325,3610,69.69,3376,Dark,#A4031F
16280,2022-03-11 23:03:16,5574,3610,70.0,9628,Dark,#A4031F
16281,2022-03-11 23:03:17,2212,3670,79.99,526,Albino,#F2DC5D
16282,2022-03-11 23:03:20,1962,5885,74.69,9910,Dark,#A4031F
16283,2022-03-11 23:03:22,3760,5056,74.94,9504,Dark,#A4031F
16284,2022-03-11 23:03:23,3205,2547,77.99,3812,Light,#F2A359
16285,2022-03-11 23:03:23,438,3378,73.94,5151,Medium,#DB9065
16286,2022-03-11 23:03:24,3161,3093,82.69,3927,Light,#F2A359
16287,2022-03-11 23:03:24,3368,4383,75.0,3696,Dark,#A4031F
16288,2022-03-11 23:03:27,3040,4422,94.95,7683,Light,#F2A359
16289,2022-03-11 23:03:27,925,3378,74.0,2447,Light,#F2A359
16290,2022-03-11 23:03:28,4083,5319,74.0,4560,Light,#F2A359
16291,2022-03-11 23:03:28,3040,753,94.95,7602,Medium,#DB9065
16292,2022-03-11 23:03:28,5612,2364,73.69,7564,Dark,#A4031F
16293,2022-03-11 23:03:30,205,3742,70.0,9043,Medium,#DB9065
16294,2022-03-11 23:03:33,3040,2170,79.95,564,Dark,#A4031F
16295,2022-03-11 23:03:37,4001,4255,74.5,4798,Dark,#A4031F
16296,2022-03-11 23:03:37,2944,3093,80.0,4124,Albino,#F2DC5D
16297,2022-03-11 23:03:39,5868,2922,79.2,9345,Light,#F2A359
16298,2022-03-11 23:03:39,1301,3093,79.0,6410,Light,#F2A359
16299,2022-03-11 23:03:42,3953,2291,75.0,7628,Dark,#A4031F
16300,2022-03-11 23:03:48,3318,3420,160.0,7439,Light,#F2A359
16301,2022-03-11 23:03:48,3535,3127,75.0,5850,Albino,#F2DC5D
16302,2022-03-11 23:03:48,4325,3610,70.0,5904,Medium,#DB9065
16303,2022-03-11 23:03:48,4083,2894,74.0,4263,Albino,#F2DC5D
16304,2022-03-11 23:03:50,2669,4023,78.79,5581,Albino,#F2DC5D
16305,2022-03-11 23:03:51,4361,2847,69.42,3357,Medium,#DB9065
16306,2022-03-11 23:03:53,1780,3093,99.98,1957,Dark,#A4031F
16307,2022-03-11 23:03:55,1058,2134,79.99,3906,Light,#F2A359
16308,2022-03-11 23:03:55,718,2922,78.5,700,Dark,#A4031F
16309,2022-03-11 23:03:55,3061,5519,71.0,3371,Dark,#A4031F
16310,2022-03-11 23:03:58,438,1601,72.97,1184,Dark,#A4031F
16311,2022-03-12 00:03:08,4678,3917,115.0,4347,Medium,#DB9065
16312,2022-03-12 00:03:08,2364,1537,77.69,9465,Dark,#A4031F
16313,2022-03-12 00:03:09,3093,3726,82.95,7923,Dark,#A4031F
16314,2022-03-12 00:03:16,2240,3977,159.95,6531,Light,#F2A359
16315,2022-03-12 00:03:16,2364,2134,77.69,7564,Dark,#A4031F
16316,2022-03-12 00:03:19,3093,2342,74.78,1381,Dark,#A4031F
16317,2022-03-12 00:03:22,1423,4422,79.99,6224,Dark,#A4031F
16318,2022-03-12 00:03:25,3040,2479,89.95,9016,Albino,#F2DC5D
16319,2022-03-12 00:03:36,3040,3535,89.95,6585,Albino,#F2DC5D
16320,2022-03-12 00:03:36,1058,3420,161.0,445,Dark,#A4031F
16321,2022-03-12 00:03:37,3040,851,84.95,7255,Light,#F2A359
16322,2022-03-12 00:03:44,4432,5063,87.5,6826,Medium,#DB9065
16323,2022-03-12 00:03:48,1117,1888,80.0,9126,Medium,#DB9065
16324,2022-03-12 00:03:52,1871,3093,74.2,5207,Dark,#A4031F
16325,2022-03-12 00:03:53,2670,3984,100.0,5427,Light,#F2A359
16326,2022-03-12 00:03:55,4337,2470,91.23,8334,Albino,#F2DC5D
16327,2022-03-12 00:03:56,5575,5642,79.99,9750,Dark,#A4031F
16328,2022-03-12 00:03:59,130,4258,112.0,1163,Light,#F2A359
16329,2022-03-12 00:03:59,4083,3093,93.0,7669,Medium,#DB9065
16330,2022-03-12 00:03:59,2707,2364,75.0,9465,Dark,#A4031F
16331,2022-03-12 01:03:00,3093,5901,91.95,4124,Albino,#F2DC5D
16332,2022-03-12 01:03:10,3093,3975,89.0,6410,Light,#F2A359
16333,2022-03-12 01:03:21,2843,3093,99.99,3021,Medium,#DB9065
16334,2022-03-12 01:03:21,3184,1635,89.0,8934,Light,#F2A359
16335,2022-03-12 01:03:33,3093,3942,77.5,4587,Dark,#A4031F
16336,2022-03-12 01:03:35,3798,3093,74.79,423,Dark,#A4031F
16337,2022-03-12 01:03:37,4082,2173,80.0,8999,Light,#F2A359
16338,2022-03-12 01:03:40,1565,3093,84.99,2567,Light,#F2A359
16339,2022-03-12 01:03:46,1871,851,78.5,1859,Medium,#DB9065
16340,2022-03-12 01:03:56,1871,4337,77.75,8285,Dark,#A4031F
16341,2022-03-12 02:03:57,5721,4510,90.0,2343,Dark,#A4031F
16342,2022-03-12 03:03:35,175,5845,76.5,7254,Medium,#DB9065
16343,2022-03-12 04:03:43,736,2125,76.5,9768,Dark,#A4031F
16344,2022-03-12 05:03:20,5868,4724,82.95,8121,Albino,#F2DC5D
16345,2022-03-12 06:03:55,374,10,80.0,2569,Medium,#DB9065
16346,2022-03-12 10:03:52,4011,1808,76.0,6750,Dark,#A4031F
16347,2022-03-12 11:03:49,1358,3611,80.0,2200,Dark,#A4031F
16348,2022-03-12 12:03:57,4023,3093,75.99,5581,Albino,#F2DC5D
16349,2022-03-12 14:03:38,5717,5352,77.77,8795,Medium,#DB9065
16350,2022-03-12 16:03:49,3318,5236,85.0,7999,Light,#F2A359
16351,2022-03-12 18:03:06,5433,2709,84.0,3897,Medium,#DB9065
16352,2022-03-12 18:03:59,1052,958,0.0,6064,Light,#F2A359
16353,2022-03-12 19:03:43,5838,4957,88.0,7368,Medium,#DB9065
16354,2022-03-12 23:03:03,1423,4858,109.0,4103,Dark,#A4031F
16355,2022-03-13 00:03:29,3378,3093,74.0,5151,Medium,#DB9065
16356,2022-03-13 00:03:54,3093,3378,101.5,2111,Light,#F2A359
16357,2022-03-13 04:03:00,3093,130,68.95,5207,Dark,#A4031F
16358,2022-03-13 04:03:03,5879,5685,66.75,2354,Dark,#A4031F
16359,2022-03-13 04:03:57,1871,3093,67.0,6603,Dark,#A4031F
16360,2022-03-13 18:03:29,762,1821,85.0,1045,Albino,#F2DC5D
16361,2022-03-14 05:03:06,3762,5685,75.0,3581,Medium,#DB9065
16362,2022-03-14 05:03:37,3040,5685,78.95,9617,Dark,#A4031F
16363,2022-03-14 06:03:10,2907,1147,79.1,1414,Light,#F2A359
16364,2022-03-14 11:03:56,5672,5667,69.69,3502,Dark,#A4031F
16365,2022-03-14 18:03:56,3663,1986,74.95,6974,Dark,#A4031F
16366,2022-03-15 01:03:26,1568,958,0.0,6603,Dark,#A4031F
16367,2022-03-15 01:03:26,3040,1568,0.0,6603,Dark,#A4031F
16368,2022-03-15 15:03:34,3040,4447,77.0,7250,Albino,#F2DC5D
16369,2022-03-15 15:03:48,4447,3040,81.0,4159,Albino,#F2DC5D
16370,2022-03-15 20:03:03,3449,3093,67.5,5357,Light,#F2A359
16371,2022-03-16 06:03:53,5672,1993,67.99,4079,Dark,#A4031F
16372,2022-03-16 08:03:38,1940,4361,65.0,7913,Medium,#DB9065
16373,2022-03-16 13:03:28,5186,3354,67.0,4252,Dark,#A4031F
16374,2022-03-16 15:03:48,1019,4565,96.0,2003,Light,#F2A359
16375,2022-03-16 16:03:05,4022,958,0.0,1461,Dark,#A4031F
16376,2022-03-16 16:03:05,5569,4022,0.0,1461,Dark,#A4031F
16377,2022-03-17 03:03:57,3040,726,99.95,1957,Dark,#A4031F
16378,2022-03-17 05:03:55,1871,3602,65.0,2898,Dark,#A4031F
16379,2022-03-17 12:03:20,692,184,68.0,4000,Medium,#DB9065
16380,2022-03-17 12:03:38,3182,3093,62.25,9662,Dark,#A4031F
16381,2022-03-17 13:03:34,1543,5037,67.49,5920,Albino,#F2DC5D
16382,2022-03-17 13:03:38,568,694,73.0,3825,Light,#F2A359
16383,2022-03-17 13:03:43,1616,1087,75.57,7526,Dark,#A4031F
16384,2022-03-17 13:03:44,3093,1835,64.95,423,Dark,#A4031F
16385,2022-03-17 13:03:50,3093,4579,69.95,1404,Light,#F2A359
16386,2022-03-17 13:03:53,692,5691,64.0,4200,Dark,#A4031F
16387,2022-03-17 14:03:12,3093,2442,66.95,9174,Albino,#F2DC5D
16388,2022-03-17 14:03:14,3093,3908,64.95,9662,Dark,#A4031F
16389,2022-03-17 14:03:46,2040,3093,65.0,9174,Albino,#F2DC5D
16390,2022-03-17 14:03:56,472,3093,74.99,1370,Light,#F2A359
16391,2022-03-17 15:03:59,5685,2132,100.0,6928,Albino,#F2DC5D
16392,2022-03-17 23:03:16,3040,2030,81.0,4159,Albino,#F2DC5D
16393,2022-03-17 23:03:26,2030,3093,69.0,2914,Albino,#F2DC5D
16394,2022-03-18 02:03:25,1049,2718,80.0,1974,Dark,#A4031F
16395,2022-03-18 02:03:42,1058,2718,77.5,7085,Dark,#A4031F
16396,2022-03-18 02:03:44,4845,1010,67.0,9014,Dark,#A4031F
16397,2022-03-18 04:03:24,3093,1010,73.95,5357,Light,#F2A359
16398,2022-03-18 09:03:25,3093,3429,73.95,4541,Dark,#A4031F
16399,2022-03-18 12:03:20,753,3093,68.5,1864,Medium,#DB9065
16400,2022-03-18 14:03:29,499,3676,70.0,4720,Light,#F2A359
16401,2022-03-18 16:03:42,4445,1211,66.9,6573,Light,#F2A359
16402,2022-03-18 17:03:09,5186,3267,67.5,6572,Medium,#DB9065
16403,2022-03-18 17:03:25,3715,1010,66.9,9073,Light,#F2A359
16404,2022-03-18 17:03:38,1236,3267,68.0,4664,Albino,#F2DC5D
16405,2022-03-18 18:03:00,1969,4361,68.0,632,Medium,#DB9065
16406,2022-03-18 18:03:27,321,3093,70.99,2228,Light,#F2A359
16407,2022-03-18 18:03:28,798,3862,69.69,489,Dark,#A4031F
16408,2022-03-18 18:03:51,3056,762,79.0,8294,Dark,#A4031F
16409,2022-03-18 18:03:56,562,130,69.0,5726,Dark,#A4031F
16410,2022-03-18 19:03:08,5820,1245,85.0,9718,Albino,#F2DC5D
16411,2022-03-18 19:03:40,3093,1245,75.95,1864,Medium,#DB9065
16412,2022-03-18 19:03:52,478,3093,99.98,6736,Albino,#F2DC5D
16413,2022-03-18 20:03:58,3529,3680,80.0,3732,Light,#F2A359
16414,2022-03-18 21:03:13,5717,5685,72.5,5472,Albino,#F2DC5D
16415,2022-03-18 21:03:21,2507,3623,71.9,6790,Medium,#DB9065
16416,2022-03-18 21:03:34,4856,3093,69.99,6017,Albino,#F2DC5D
16417,2022-03-18 21:03:42,130,3862,72.75,5726,Dark,#A4031F
16418,2022-03-18 22:03:07,130,2581,71.99,5207,Dark,#A4031F
16419,2022-03-18 22:03:30,3941,5183,104.0,9764,Dark,#A4031F
16420,2022-03-18 23:03:31,2303,5747,73.0,6714,Medium,#DB9065
16421,2022-03-19 01:03:49,5717,949,88.88,8462,Light,#F2A359
16422,2022-03-19 03:03:08,3663,3040,84.95,6410,Light,#F2A359
16423,2022-03-19 03:03:21,3093,3663,84.95,5283,Light,#F2A359
16424,2022-03-19 05:03:52,3093,883,69.95,6017,Albino,#F2DC5D
16425,2022-03-19 08:03:07,4361,5851,77.91,7913,Medium,#DB9065
16426,2022-03-19 09:03:53,1644,2581,69.9,2158,Light,#F2A359
16427,2022-03-19 11:03:32,5898,3093,72.0,5579,Albino,#F2DC5D
16428,2022-03-19 13:03:53,1086,4014,83.94,3919,Medium,#DB9065
16429,2022-03-19 14:03:25,71,3655,73.99,7044,Dark,#A4031F
16430,2022-03-19 14:03:54,3583,4460,109.0,7356,Medium,#DB9065
16431,2022-03-19 15:03:07,1410,400,79.0,9964,Medium,#DB9065
16432,2022-03-19 15:03:07,1019,400,84.0,1427,Light,#F2A359
16433,2022-03-19 15:03:10,1423,1410,84.99,4225,Medium,#DB9065
16434,2022-03-19 15:03:18,4856,400,88.88,2545,Albino,#F2DC5D
16435,2022-03-19 15:03:24,1215,3093,71.94,6790,Medium,#DB9065
16436,2022-03-19 15:03:26,4082,400,85.0,6442,Light,#F2A359
16437,2022-03-19 15:03:27,89,400,85.0,9599,Light,#F2A359
16438,2022-03-19 15:03:32,5319,400,75.0,4560,Light,#F2A359
16439,2022-03-19 15:03:33,3093,400,81.95,8355,Albino,#F2DC5D
16440,2022-03-19 15:03:37,3295,400,74.99,7567,Albino,#F2DC5D
16441,2022-03-19 15:03:41,2907,3093,72.0,531,Dark,#A4031F
16442,2022-03-19 15:03:46,3093,400,71.45,3193,Medium,#DB9065
16443,2022-03-19 17:03:55,2756,5369,70.9,7752,Light,#F2A359
16444,2022-03-19 18:03:17,2291,4022,0.0,7628,Dark,#A4031F
16445,2022-03-19 18:03:17,4022,958,0.0,7628,Dark,#A4031F
16446,2022-03-19 19:03:16,2303,3093,80.0,3361,Medium,#DB9065
16447,2022-03-19 21:03:21,2303,2668,75.0,9366,Medium,#DB9065
16448,2022-03-20 01:03:18,3093,5773,73.95,3915,Light,#F2A359
16449,2022-03-20 02:03:24,4447,3093,71.0,7250,Albino,#F2DC5D
16450,2022-03-20 02:03:51,3985,5653,72.89,8812,Dark,#A4031F
16451,2022-03-20 03:03:25,5685,3230,71.5,2354,Dark,#A4031F
16452,2022-03-20 05:03:39,3093,5212,71.45,9025,Light,#F2A359
16453,2022-03-20 06:03:56,692,3093,90.0,4743,Light,#F2A359
16454,2022-03-20 11:03:18,2393,3501,75.88,9763,Medium,#DB9065
16455,2022-03-20 13:03:04,3040,1476,81.95,1546,Light,#F2A359
16456,2022-03-20 13:03:40,2756,1423,69.93,1385,Light,#F2A359
16457,2022-03-20 14:03:35,1880,1568,0.0,2522,Dark,#A4031F
16458,2022-03-20 14:03:35,1568,958,0.0,2522,Dark,#A4031F
16459,2022-03-20 14:03:38,3093,2009,73.88,2228,Light,#F2A359
16460,2022-03-20 15:03:26,4005,3093,68.0,9090,Light,#F2A359
16461,2022-03-20 15:03:39,4005,3093,72.0,3671,Dark,#A4031F
16462,2022-03-21 00:03:58,5590,5753,72.4,4777,Medium,#DB9065
16463,2022-03-21 01:03:33,3562,5691,71.76,3473,Dark,#A4031F
16464,2022-03-21 03:03:02,5616,2576,80.0,2534,Dark,#A4031F
16465,2022-03-21 03:03:24,2847,3345,71.94,3357,Medium,#DB9065
16466,2022-03-21 04:03:35,3093,938,71.95,9090,Light,#F2A359
16467,2022-03-21 09:03:19,5868,1797,77.11,1181,Light,#F2A359
16468,2022-03-21 15:03:54,253,5110,113.69,7260,Dark,#A4031F
16469,2022-03-21 18:03:39,569,3093,72.0,6956,Dark,#A4031F
16470,2022-03-21 19:03:22,3093,4836,74.0,2914,Albino,#F2DC5D
16471,2022-03-21 19:03:42,5212,1449,0.0,9025,Light,#F2A359
16472,2022-03-21 19:03:56,2157,3093,77.9,8080,Dark,#A4031F
16473,2022-03-21 22:03:51,2756,1011,72.69,9029,Albino,#F2DC5D
16474,2022-03-22 07:03:06,3862,1504,73.99,5726,Dark,#A4031F
16475,2022-03-22 08:03:31,4572,5397,72.5,2257,Dark,#A4031F
16476,2022-03-22 09:03:10,5302,3093,74.44,1084,Medium,#DB9065
16477,2022-03-22 13:03:01,3862,1380,72.99,489,Dark,#A4031F
16478,2022-03-22 18:03:16,2126,3093,89.69,3046,Light,#F2A359
16479,2022-03-22 18:03:20,692,2126,105.0,5948,Light,#F2A359
16480,2022-03-23 12:03:26,3093,1755,72.9,6956,Dark,#A4031F
16481,2022-03-23 16:03:51,2077,4230,0.0,8740,Medium,#DB9065
16482,2022-03-23 19:03:35,3040,4612,143.0,4795,Light,#F2A359
16483,2022-03-23 19:03:40,5900,3623,69.9,3828,Dark,#A4031F
16484,2022-03-23 20:03:51,1647,1449,0.0,8158,Light,#F2A359
16485,2022-03-24 00:03:25,3093,3850,86.95,5748,Dark,#A4031F
16486,2022-03-24 00:03:35,3883,364,83.0,5150,Light,#F2A359
16487,2022-03-24 01:03:51,1384,2917,117.5,875,Medium,#DB9065
16488,2022-03-24 03:03:17,1755,1449,0.0,6956,Dark,#A4031F
16489,2022-03-24 06:03:03,3552,1449,0.0,2039,Albino,#F2DC5D
16490,2022-03-24 06:03:14,736,2452,71.95,1893,Medium,#DB9065
16491,2022-03-24 06:03:32,3444,3205,79.55,9562,Light,#F2A359
16492,2022-03-24 06:03:41,5539,3552,74.79,2039,Albino,#F2DC5D
16493,2022-03-24 06:03:50,2452,4022,0.0,1893,Medium,#DB9065
16494,2022-03-24 06:03:50,4022,958,0.0,1893,Medium,#DB9065
16495,2022-03-24 09:03:05,3040,52,81.95,3671,Dark,#A4031F
16496,2022-03-24 14:03:00,2452,2282,79.2,5358,Medium,#DB9065
16497,2022-03-24 15:03:19,2018,5530,79.79,8339,Medium,#DB9065
16498,2022-03-25 11:03:33,1755,1449,0.0,7714,Light,#F2A359
16499,2022-03-25 12:03:13,286,1449,0.0,4426,Light,#F2A359
16500,2022-03-25 17:03:59,2030,4896,84.2,5517,Medium,#DB9065
16501,2022-03-25 20:03:46,2515,438,71.0,3783,Dark,#A4031F
16502,2022-03-26 03:03:02,4275,4182,74.0,9817,Medium,#DB9065
16503,2022-03-26 04:03:05,2462,1449,0.0,1985,Medium,#DB9065
16504,2022-03-26 23:03:51,1086,1380,71.99,6478,Light,#F2A359
16505,2022-03-27 01:03:01,3205,4301,84.49,9562,Light,#F2A359
16506,2022-03-27 10:03:53,883,1449,0.0,6017,Albino,#F2DC5D
16507,2022-03-27 16:03:26,3093,5310,70.95,6985,Dark,#A4031F
16508,2022-03-27 16:03:26,3623,5310,70.99,3828,Dark,#A4031F
16509,2022-03-28 00:03:31,3093,1455,71.95,531,Dark,#A4031F
16510,2022-03-28 09:03:01,5717,3322,89.99,8023,Medium,#DB9065
16511,2022-03-28 10:03:26,2660,1892,75.0,1059,Medium,#DB9065
16512,2022-03-28 12:03:51,1437,5191,84.8,3825,Light,#F2A359
16513,2022-03-28 13:03:26,1798,3023,113.0,9809,Light,#F2A359
16514,2022-03-28 21:03:19,3040,2877,87.95,7279,Light,#F2A359
16515,2022-03-28 22:03:32,1524,5310,79.75,257,Light,#F2A359
16516,2022-03-28 22:03:34,4089,3093,71.45,7672,Light,#F2A359
16517,2022-03-28 22:03:53,2596,3093,71.0,6130,Light,#F2A359
16518,2022-03-29 22:03:34,4498,845,217.0,4985,Dark,#A4031F
16519,2022-03-30 03:03:43,3271,3096,168.0,2717,Medium,#DB9065
16520,2022-03-30 08:03:41,902,1449,0.0,8461,Medium,#DB9065
16521,2022-03-30 16:03:56,2289,4433,69.0,6626,Dark,#A4031F
16522,2022-03-30 19:03:00,4836,5310,70.0,2914,Albino,#F2DC5D
16523,2022-03-30 20:03:20,2289,3610,69.0,6427,Light,#F2A359
16524,2022-03-30 20:03:26,4168,3610,73.0,5829,Albino,#F2DC5D
16525,2022-03-30 20:03:26,2756,3610,73.9,2582,Albino,#F2DC5D
16526,2022-03-31 01:03:01,2073,3610,71.0,5570,Medium,#DB9065
16527,2022-03-31 17:03:48,438,1737,70.0,8565,Dark,#A4031F
16528,2022-04-01 04:04:59,2719,3093,68.0,2292,Light,#F2A359
16529,2022-04-01 19:04:19,3093,5310,69.95,6130,Light,#F2A359
16530,2022-04-01 19:04:30,1798,3093,81.0,5214,Albino,#F2DC5D
16531,2022-04-01 21:04:11,2206,1324,69.5,4711,Dark,#A4031F
16532,2022-04-02 07:04:03,3093,1385,67.95,7672,Light,#F2A359
16533,2022-04-02 07:04:57,2125,4422,67.5,9768,Dark,#A4031F
16534,2022-04-02 09:04:02,2190,2924,0.0,846,Light,#F2A359
16535,2022-04-02 10:04:07,5616,3093,70.0,6406,Albino,#F2DC5D
16536,2022-04-02 10:04:11,5212,1449,0.0,2803,Dark,#A4031F
16537,2022-04-02 10:04:41,4177,5212,67.95,2803,Dark,#A4031F
16538,2022-04-02 13:04:50,3040,4143,76.0,1084,Medium,#DB9065
16539,2022-04-02 13:04:53,3040,1568,0.0,2447,Light,#F2A359
16540,2022-04-02 13:04:53,1568,958,0.0,2447,Light,#F2A359
16541,2022-04-02 14:04:08,5560,1775,73.0,9543,Light,#F2A359
16542,2022-04-02 15:04:45,4764,3093,67.0,9200,Light,#F2A359
16543,2022-04-02 16:04:12,3663,3093,79.0,5283,Light,#F2A359
16544,2022-04-02 16:04:18,1058,3487,89.99,8718,Albino,#F2DC5D
16545,2022-04-02 16:04:46,3093,3663,71.0,9200,Light,#F2A359
16546,2022-04-02 16:04:52,474,447,88.0,6809,Light,#F2A359
16547,2022-04-02 19:04:19,4764,3093,67.0,3241,Medium,#DB9065
16548,2022-04-02 19:04:48,142,3900,69.69,5878,Medium,#DB9065
16549,2022-04-02 20:04:09,288,1449,0.0,2824,Albino,#F2DC5D
16550,2022-04-02 20:04:26,288,1449,0.0,8690,Light,#F2A359
16551,2022-04-02 20:04:38,288,1449,0.0,3387,Dark,#A4031F
16552,2022-04-02 20:04:40,288,1449,0.0,5296,Light,#F2A359
16553,2022-04-02 20:04:53,288,1449,0.0,2191,Light,#F2A359
16554,2022-04-02 20:04:54,1568,958,0.0,3241,Medium,#DB9065
16555,2022-04-02 20:04:54,1880,1568,0.0,3241,Medium,#DB9065
16556,2022-04-02 20:04:56,288,1449,0.0,2379,Light,#F2A359
16557,2022-04-02 20:04:58,436,549,96.69,6195,Medium,#DB9065
16558,2022-04-02 21:04:01,2885,474,68.0,701,Light,#F2A359
16559,2022-04-03 02:04:20,3879,3093,70.69,4689,Medium,#DB9065
16560,2022-04-03 16:04:05,3093,5310,67.95,1056,Dark,#A4031F
16561,2022-04-03 16:04:53,3814,726,450.0,8865,Albino,#F2DC5D
16562,2022-04-03 17:04:24,2289,5310,68.0,3030,Medium,#DB9065
16563,2022-04-03 18:04:39,944,4290,85.0,9427,Dark,#A4031F
16564,2022-04-03 22:04:22,1086,5590,68.49,6606,Light,#F2A359
16565,2022-04-04 02:04:18,1086,3582,71.0,7480,Light,#F2A359
16566,2022-04-04 02:04:59,2722,1449,0.0,1771,Albino,#F2DC5D
16567,2022-04-04 03:04:17,2816,3093,95.0,6594,Albino,#F2DC5D
16568,2022-04-04 05:04:35,1010,1632,80.0,5357,Light,#F2A359
16569,2022-04-04 13:04:21,5044,1449,0.0,8453,Light,#F2A359
16570,2022-04-05 09:04:53,3093,818,67.95,6790,Medium,#DB9065
16571,2022-04-05 14:04:32,1019,2555,67.5,5469,Light,#F2A359
16572,2022-04-05 15:04:35,2364,178,68.49,7564,Dark,#A4031F
16573,2022-04-05 21:04:25,3040,5641,84.95,7669,Medium,#DB9065
16574,2022-04-05 22:04:11,3040,5310,79.95,6410,Light,#F2A359
16575,2022-04-06 08:04:03,3514,1449,0.0,2948,Light,#F2A359
16576,2022-04-06 08:04:42,3514,1449,0.0,8937,Light,#F2A359
16577,2022-04-06 16:04:45,893,3093,79.0,2111,Light,#F2A359
16578,2022-04-07 03:04:01,4325,154,67.0,6512,Medium,#DB9065
16579,2022-04-07 03:04:09,1166,164,68.69,6025,Light,#F2A359
16580,2022-04-07 23:04:29,3290,3623,66.5,3836,Dark,#A4031F
16581,2022-04-08 05:04:32,818,3993,66.5,6790,Medium,#DB9065
16582,2022-04-08 15:04:17,5407,2790,68.4,1275,Dark,#A4031F
16583,2022-04-08 19:04:33,280,4945,66.01,8238,Dark,#A4031F
16584,2022-04-09 16:04:18,1986,3247,67.0,8002,Dark,#A4031F
16585,2022-04-09 16:04:34,144,3023,65.0,4284,Light,#F2A359
16586,2022-04-10 11:04:23,5539,3093,63.0,2996,Dark,#A4031F
16587,2022-04-10 15:04:39,1019,3349,66.66,2821,Dark,#A4031F
16588,2022-04-10 17:04:05,764,5596,220.0,3088,Dark,#A4031F
16589,2022-04-11 15:04:10,2795,1989,69.0,5342,Light,#F2A359
16590,2022-04-11 15:04:14,2159,1423,65.6,6087,Light,#F2A359
16591,2022-04-11 23:04:06,4725,2400,110.0,1001,Medium,#DB9065
16592,2022-04-12 04:04:21,3040,760,139.95,5841,Light,#F2A359
16593,2022-04-12 06:04:43,888,1449,0.0,2469,Medium,#DB9065
16594,2022-04-12 12:04:08,2823,1060,62.59,4106,Medium,#DB9065
16595,2022-04-12 15:04:39,3040,1568,0.0,9815,Medium,#DB9065
16596,2022-04-12 15:04:39,1568,958,0.0,9815,Medium,#DB9065
16597,2022-04-12 16:04:42,4778,438,57.95,5291,Light,#F2A359
16598,2022-04-12 21:04:44,5590,2426,59.0,6606,Light,#F2A359
16599,2022-04-12 22:04:45,3040,4909,80.0,2111,Light,#F2A359
16600,2022-04-13 06:04:56,1568,958,0.0,4486,Light,#F2A359
16601,2022-04-13 06:04:56,5104,1568,0.0,4486,Light,#F2A359
16602,2022-04-13 12:04:48,286,1449,0.0,4426,Light,#F2A359
16603,2022-04-13 13:04:48,2342,1418,58.88,1381,Dark,#A4031F
16604,2022-04-13 15:04:01,3093,4597,59.94,2996,Dark,#A4031F
16605,2022-04-13 15:04:07,3986,4676,1050.0,7756,Non-human,#8DFFCD
16606,2022-04-13 15:04:43,3226,4141,59.95,1917,Medium,#DB9065
16607,2022-04-13 16:04:36,3505,5310,62.0,3348,Dark,#A4031F
16608,2022-04-13 17:04:28,2345,2581,62.0,3305,Medium,#DB9065
16609,2022-04-13 17:04:37,3040,2075,75.0,6818,Dark,#A4031F
16610,2022-04-13 18:04:34,4343,628,66.6,1406,Light,#F2A359
16611,2022-04-13 19:04:11,3093,5489,65.95,4361,Medium,#DB9065
16612,2022-04-13 19:04:46,438,3093,61.5,5291,Light,#F2A359
16613,2022-04-13 19:04:48,3295,1901,68.99,7132,Medium,#DB9065
16614,2022-04-13 20:04:17,5490,1680,64.66,7847,Medium,#DB9065
16615,2022-04-14 02:04:30,4311,3093,60.0,8936,Medium,#DB9065
16616,2022-04-14 04:04:47,2345,3854,62.0,2119,Light,#F2A359
16617,2022-04-14 18:04:37,1058,2679,71.99,4284,Light,#F2A359
16618,2022-04-14 19:04:03,280,3570,79.003,3805,Dark,#A4031F
16619,2022-04-14 19:04:20,280,4739,66.01,5834,Dark,#A4031F
16620,2022-04-14 20:04:27,280,1193,79.001,9613,Light,#F2A359
16621,2022-04-14 23:04:07,3205,321,73.99,6583,Medium,#DB9065
16622,2022-04-15 01:04:17,3040,2201,72.0,5283,Light,#F2A359
16623,2022-04-15 12:04:30,2665,3975,69.0,8781,Light,#F2A359
16624,2022-04-15 17:04:47,2073,2297,63.0,3274,Light,#F2A359
16625,2022-04-16 01:04:13,4063,4844,70.0,6983,Medium,#DB9065
16626,2022-04-16 02:04:18,5012,413,69.0,9472,Medium,#DB9065
16627,2022-04-16 02:04:57,2170,2075,69.5,564,Dark,#A4031F
16628,2022-04-16 13:04:34,1664,4566,69.0,5057,Dark,#A4031F
16629,2022-04-16 18:04:04,2364,1218,71.69,3906,Light,#F2A359
16630,2022-04-16 19:04:58,2154,3093,59.9999,5769,Light,#F2A359
16631,2022-04-17 03:04:21,2154,3093,59.0,8308,Dark,#A4031F
16632,2022-04-17 05:04:29,1664,5310,63.75,6369,Dark,#A4031F
16633,2022-04-17 08:04:16,4856,2859,89.0,7247,Light,#F2A359
16634,2022-04-17 19:04:26,2154,3093,66.0,8320,Dark,#A4031F
16635,2022-04-18 00:04:06,1568,958,0.0,8308,Dark,#A4031F
16636,2022-04-18 00:04:06,1880,1568,0.0,8308,Dark,#A4031F
16637,2022-04-18 00:04:58,4225,1542,72.69,6927,Medium,#DB9065
16638,2022-04-18 04:04:52,5911,3641,100.0,7697,Light,#F2A359
16639,2022-04-18 18:04:34,5525,1449,0.0,8855,Light,#F2A359
16640,2022-04-18 18:04:49,5525,1449,0.0,5060,Dark,#A4031F
16641,2022-04-18 18:04:57,5525,1449,0.0,3770,Albino,#F2DC5D
16642,2022-04-18 20:04:30,1647,1449,0.0,8158,Light,#F2A359
16643,2022-04-19 11:04:51,3655,5310,61.75,7044,Dark,#A4031F
16644,2022-04-19 12:04:20,507,3023,73.95,5600,Albino,#F2DC5D
16645,2022-04-19 15:04:34,3746,522,64.94,7254,Medium,#DB9065
16646,2022-04-19 16:04:15,1522,1507,72.0,8110,Light,#F2A359
16647,2022-04-20 07:04:37,2953,5735,120.0,9907,Dark,#A4031F
16648,2022-04-20 10:04:30,2427,5610,71.94,6715,Albino,#F2DC5D
16649,2022-04-20 10:04:59,3093,1777,64.64,1290,Light,#F2A359
16650,2022-04-20 12:04:51,3040,3621,87.69,3021,Medium,#DB9065
16651,2022-04-20 18:04:18,3143,3093,61.0,4182,Medium,#DB9065
16652,2022-04-20 18:04:59,3040,1605,79.5,5214,Albino,#F2DC5D
16653,2022-04-20 19:04:47,3040,1568,0.0,2197,Dark,#A4031F
16654,2022-04-20 19:04:47,1568,958,0.0,2197,Dark,#A4031F
16655,2022-04-20 20:04:13,507,3023,70.0,3900,Light,#F2A359
16656,2022-04-20 21:04:13,1010,449,69.0,9014,Dark,#A4031F
16657,2022-04-20 21:04:40,1010,4573,66.0,9073,Light,#F2A359
16658,2022-04-21 04:04:41,736,4427,58.75,2207,Medium,#DB9065
16659,2022-04-21 12:04:02,2043,1449,0.0,1027,Dark,#A4031F
16660,2022-04-21 13:04:03,1229,3093,58.0,3390,Light,#F2A359
16661,2022-04-21 14:04:03,1986,3093,57.0,6974,Dark,#A4031F
16662,2022-04-21 14:04:54,4985,5647,64.95,6393,Medium,#DB9065
16663,2022-04-21 15:04:37,3040,928,97.5,4743,Light,#F2A359
16664,2022-04-21 16:04:58,3040,5124,81.0,8998,Light,#F2A359
16665,2022-04-21 17:04:51,3093,5710,59.95,4182,Medium,#DB9065
16666,2022-04-21 18:04:02,3040,2582,66.95,4480,Medium,#DB9065
16667,2022-04-21 18:04:04,4253,1590,62.0,2250,Dark,#A4031F
16668,2022-04-21 23:04:39,3226,4488,58.58,4645,Medium,#DB9065
16669,2022-04-22 00:04:23,5104,4515,57.99,2124,Dark,#A4031F
16670,2022-04-22 04:04:08,736,942,56.95,4146,Dark,#A4031F
16671,2022-04-22 04:04:08,1173,942,57.0,4632,Dark,#A4031F
16672,2022-04-22 06:04:29,3093,5834,62.95,6161,Light,#F2A359
16673,2022-04-22 08:04:04,5598,5685,58.5,6003,Dark,#A4031F
16674,2022-04-22 08:04:21,1664,370,63.95,5704,Dark,#A4031F
16675,2022-04-22 10:04:16,1814,5310,58.5,1535,Dark,#A4031F
16676,2022-04-22 13:04:28,3993,4022,0.0,6790,Medium,#DB9065
16677,2022-04-22 13:04:28,4022,958,0.0,6790,Medium,#DB9065
16678,2022-04-22 15:04:35,753,1448,85.5,7602,Medium,#DB9065
16679,2022-04-22 18:04:09,3040,721,86.95,2609,Albino,#F2DC5D
16680,2022-04-22 18:04:21,3040,2030,71.5,2400,Light,#F2A359
16681,2022-04-22 18:04:29,2030,3046,99.9,7637,Light,#F2A359
16682,2022-04-22 19:04:14,1746,3856,69.0,4279,Light,#F2A359
16683,2022-04-22 19:04:28,2345,3093,60.0,2109,Light,#F2A359
16684,2022-04-22 19:04:47,438,2071,68.95,6361,Albino,#F2DC5D
16685,2022-04-22 22:04:11,2345,4142,63.0,6999,Dark,#A4031F
16686,2022-04-22 23:04:12,2345,5104,57.0,2138,Medium,#DB9065
16687,2022-04-22 23:04:17,1568,958,0.0,2138,Medium,#DB9065
16688,2022-04-22 23:04:17,5104,1568,0.0,2138,Medium,#DB9065
16689,2022-04-23 07:04:20,2785,3166,190.0,9235,Light,#F2A359
16690,2022-04-23 07:04:45,2379,3166,107.37,8286,Light,#F2A359
16691,2022-04-23 09:04:32,3961,2854,104.2,7258,Albino,#F2DC5D
16692,2022-04-23 11:04:30,3040,5301,69.95,6974,Dark,#A4031F
16693,2022-04-23 11:04:53,122,4022,0.0,675,Dark,#A4031F
16694,2022-04-23 11:04:53,4022,958,0.0,675,Dark,#A4031F
16695,2022-04-23 16:04:03,1058,5638,72.99,5284,Light,#F2A359
16696,2022-04-23 16:04:36,2513,3093,59.0,9370,Medium,#DB9065
16697,2022-04-23 18:04:17,507,4228,60.0,2941,Medium,#DB9065
16698,2022-04-23 21:04:17,3591,2030,69.99,9361,Medium,#DB9065
16699,2022-04-24 02:04:36,1539,3023,59.99,6975,Medium,#DB9065
16700,2022-04-24 15:04:03,1724,1449,0.0,4573,Dark,#A4031F
16701,2022-04-24 15:04:40,2289,1449,0.0,8604,Light,#F2A359
16702,2022-04-24 15:04:58,2289,2540,0.0,8604,Light,#F2A359
16703,2022-04-24 18:04:07,1603,1449,0.0,2552,Light,#F2A359
16704,2022-04-24 20:04:00,507,3093,60.0,4563,Dark,#A4031F
16705,2022-04-24 20:04:13,1552,2881,61.0,1752,Light,#F2A359
16706,2022-04-24 20:04:13,3093,2881,59.95,5843,Medium,#DB9065
16707,2022-04-24 20:04:15,3040,2881,109.95,7519,Medium,#DB9065
16708,2022-04-24 20:04:35,2135,3093,59.99,8454,Dark,#A4031F
16709,2022-04-24 23:04:52,1058,1798,79.99,5600,Albino,#F2DC5D
16710,2022-04-25 01:04:20,1568,958,0.0,4563,Dark,#A4031F
16711,2022-04-25 01:04:20,1880,1568,0.0,9370,Medium,#DB9065
16712,2022-04-25 01:04:20,1880,1568,0.0,4563,Dark,#A4031F
16713,2022-04-25 01:04:20,1568,958,0.0,9370,Medium,#DB9065
16714,2022-04-25 02:04:32,905,1449,0.0,5891,Light,#F2A359
16715,2022-04-25 02:04:56,3155,1449,0.0,7201,Medium,#DB9065
16716,2022-04-25 04:04:48,3350,1449,0.0,7146,Dark,#A4031F
16717,2022-04-25 05:04:35,888,1449,0.0,2469,Medium,#DB9065
16718,2022-04-25 06:04:22,3760,2428,64.2,1613,Dark,#A4031F
16719,2022-04-25 07:04:05,2428,1449,0.0,1613,Dark,#A4031F
16720,2022-04-25 07:04:57,1058,2997,124.99,9809,Light,#F2A359
16721,2022-04-25 09:04:07,87,1449,0.0,5070,Light,#F2A359
16722,2022-04-25 10:04:42,2792,1449,0.0,9603,Dark,#A4031F
16723,2022-04-25 11:04:47,3040,370,64.5,8936,Medium,#DB9065
16724,2022-04-25 12:04:09,946,2718,63.0,4818,Medium,#DB9065
16725,2022-04-25 12:04:18,3993,1449,0.0,3512,Medium,#DB9065
16726,2022-04-25 12:04:27,3993,1449,0.0,7214,Albino,#F2DC5D
16727,2022-04-25 14:04:05,1288,2209,64.44,2653,Albino,#F2DC5D
16728,2022-04-25 15:04:54,3040,2864,73.95,9467,Light,#F2A359
16729,2022-04-25 16:04:15,5717,1961,85.55,7663,Dark,#A4031F
16730,2022-04-25 16:04:57,4152,1449,0.0,4975,Albino,#F2DC5D
16731,2022-04-25 16:04:57,4152,1449,0.0,6832,Light,#F2A359
16732,2022-04-25 17:04:56,2287,3093,74.0,3392,Dark,#A4031F
16733,2022-04-25 18:04:36,130,5778,63.9,5831,Dark,#A4031F
16734,2022-04-25 22:04:38,4856,3093,77.77,2512,Medium,#DB9065
16735,2022-04-26 00:04:27,4293,551,77.77,8915,Light,#F2A359
16736,2022-04-26 04:04:56,4610,2731,61.98,9770,Medium,#DB9065
16737,2022-04-26 07:04:54,835,1449,0.0,5558,Medium,#DB9065
16738,2022-04-26 08:04:03,2783,1449,0.0,531,Dark,#A4031F
16739,2022-04-26 17:04:02,3227,3093,61.3,7964,Medium,#DB9065
16740,2022-04-26 18:04:13,3591,1449,0.0,2614,Dark,#A4031F
16741,2022-04-26 18:04:47,759,3093,61.5,9080,Medium,#DB9065
16742,2022-04-26 19:04:05,2009,428,61.3,2228,Light,#F2A359
16743,2022-04-26 20:04:17,3591,5596,225.0,6459,Dark,#A4031F
16744,2022-04-26 20:04:55,86,909,65.0,2716,Dark,#A4031F
16745,2022-04-26 21:04:36,4984,224,80.0,1252,Medium,#DB9065
16746,2022-04-26 21:04:51,4083,224,75.0,7671,Dark,#A4031F
16747,2022-04-26 23:04:07,3760,5310,61.94,3399,Medium,#DB9065
16748,2022-04-27 03:04:22,2016,2342,61.9,2088,Light,#F2A359
16749,2022-04-27 07:04:43,4850,4018,63.99,1834,Medium,#DB9065
16750,2022-04-27 09:04:00,3669,3924,70.0,4368,Medium,#DB9065
16751,2022-04-27 10:04:40,3837,1449,0.0,7375,Albino,#F2DC5D
16752,2022-04-27 18:04:32,3591,1145,129.99,3064,Light,#F2A359
16753,2022-04-28 03:04:08,4929,1287,90.0,8278,Medium,#DB9065
16754,2022-04-28 04:04:11,3295,248,62.49,6199,Dark,#A4031F
16755,2022-04-28 04:04:59,1568,958,0.0,5467,Medium,#DB9065
16756,2022-04-28 04:04:59,4651,1568,0.0,5467,Medium,#DB9065
16757,2022-04-28 04:04:59,4651,1568,0.0,2808,Dark,#A4031F
16758,2022-04-28 04:04:59,1568,958,0.0,2808,Dark,#A4031F
16759,2022-04-28 12:04:02,1144,3093,65.0,745,Medium,#DB9065
16760,2022-04-28 13:04:07,3837,1449,0.0,7195,Light,#F2A359
16761,2022-04-28 13:04:21,1664,5681,66.66,8580,Dark,#A4031F
16762,2022-04-28 18:04:05,1699,438,61.0,2688,Dark,#A4031F
16763,2022-04-28 19:04:47,2234,4328,69.0,8343,Light,#F2A359
16764,2022-04-28 19:04:50,3553,3794,69.69,5910,Light,#F2A359
16765,2022-04-28 19:04:53,1988,3990,70.0,4998,Dark,#A4031F
16766,2022-04-28 23:04:38,1699,5685,66.0,3854,Light,#F2A359
16767,2022-04-28 23:04:43,3663,5685,63.95,9200,Light,#F2A359
16768,2022-04-29 01:04:27,3623,5070,61.94,3836,Dark,#A4031F
16769,2022-04-29 03:04:15,4651,5204,76.69,3927,Light,#F2A359
16770,2022-04-29 03:04:25,3040,1187,84.95,8953,Light,#F2A359
16771,2022-04-29 07:04:49,2722,1449,0.0,1771,Albino,#F2DC5D
16772,2022-04-29 10:04:53,4651,3443,71.95,745,Medium,#DB9065
16773,2022-04-29 12:04:56,507,3398,60.5,9954,Dark,#A4031F
16774,2022-04-29 12:04:59,4936,1449,0.0,2222,Dark,#A4031F
16775,2022-04-29 13:04:03,357,5499,64.9,1600,Dark,#A4031F
16776,2022-04-29 13:04:09,4936,1449,0.0,2369,Dark,#A4031F
16777,2022-04-29 13:04:52,573,1449,0.0,9195,Albino,#F2DC5D
16778,2022-04-29 15:04:38,356,1449,0.0,2158,Light,#F2A359
16779,2022-04-29 21:04:32,3970,1449,0.0,3132,Albino,#F2DC5D
16780,2022-04-29 23:04:02,64,5693,63.73,2071,Medium,#DB9065
16781,2022-04-29 23:04:21,3093,5693,64.95,5769,Light,#F2A359
16782,2022-04-30 03:04:30,3093,2581,61.95,5291,Light,#F2A359
16783,2022-04-30 03:04:31,4426,1449,0.0,1723,Light,#F2A359
16784,2022-04-30 03:04:42,514,1449,0.0,5291,Light,#F2A359
16785,2022-04-30 14:04:08,286,1449,0.0,4426,Light,#F2A359
16786,2022-04-30 17:04:43,3093,1933,64.95,2109,Light,#F2A359
16787,2022-04-30 17:04:57,3591,845,104.99,3209,Dark,#A4031F
16788,2022-04-30 18:04:01,796,5836,66.66,3114,Dark,#A4031F
16789,2022-04-30 18:04:08,488,3093,75.0,5511,Light,#F2A359
16790,2022-05-01 00:05:18,889,4289,99.0,9163,Medium,#DB9065
16791,2022-05-01 06:05:05,946,2698,63.99,7181,Medium,#DB9065
16792,2022-05-01 11:05:45,5819,3842,110.0,4894,Medium,#DB9065
16793,2022-05-01 20:05:21,2131,3093,62.69,7402,Albino,#F2DC5D
16794,2022-05-02 01:05:28,1892,3303,64.0,1059,Medium,#DB9065
16795,2022-05-02 02:05:34,1834,594,64.0,9004,Albino,#F2DC5D
16796,2022-05-02 05:05:55,2559,1449,0.0,2228,Light,#F2A359
16797,2022-05-02 12:05:57,1274,3487,70.0,7298,Medium,#DB9065
16798,2022-05-02 14:05:52,438,3842,66.95,2688,Dark,#A4031F
16799,2022-05-02 16:05:02,620,370,60.94,2915,Dark,#A4031F
16800,2022-05-02 18:05:19,4651,1039,69.95,4607,Light,#F2A359
16801,2022-05-03 03:05:08,1568,958,0.0,4357,Medium,#DB9065
16802,2022-05-03 03:05:08,3040,1568,0.0,4357,Medium,#DB9065
16803,2022-05-03 04:05:10,3039,1449,0.0,2067,Dark,#A4031F
16804,2022-05-03 04:05:40,5553,819,60.0,2248,Medium,#DB9065
16805,2022-05-03 07:05:34,2020,1449,0.0,6012,Light,#F2A359
16806,2022-05-03 10:05:20,3093,1940,73.95,4689,Medium,#DB9065
16807,2022-05-03 15:05:07,3837,1449,0.0,7195,Light,#F2A359
16808,2022-05-03 16:05:21,438,2802,60.95,5152,Dark,#A4031F
16809,2022-05-03 16:05:46,4837,1449,0.0,7493,Medium,#DB9065
16810,2022-05-03 16:05:55,3668,1449,0.0,5152,Dark,#A4031F
16811,2022-05-03 16:05:59,192,3093,64.5,9322,Dark,#A4031F
16812,2022-05-03 17:05:08,3040,3632,71.95,8320,Dark,#A4031F
16813,2022-05-03 19:05:12,2068,438,61.0,7853,Light,#F2A359
16814,2022-05-04 13:05:25,1699,4038,65.0,2349,Light,#F2A359
16815,2022-05-04 16:05:37,2342,2581,69.69,5383,Light,#F2A359
16816,2022-05-04 18:05:40,2111,3023,63.0,286,Albino,#F2DC5D
16817,2022-05-04 20:05:55,1121,2842,61.5,1648,Medium,#DB9065
16818,2022-05-05 05:05:38,1664,3832,66.66,2625,Albino,#F2DC5D
16819,2022-05-05 21:05:57,3032,3330,70.0,3314,Medium,#DB9065
16820,2022-05-06 14:05:57,2745,1449,0.0,3095,Medium,#DB9065
16821,2022-05-06 17:05:48,2049,3093,58.0,6995,Light,#F2A359
16822,2022-05-07 08:05:43,438,1852,65.95,3941,Light,#F2A359
16823,2022-05-07 08:05:55,4566,1449,0.0,5057,Dark,#A4031F
